-- phpMyAdmin SQL Dump
-- version 4.2.12deb2+deb8u2
-- http://www.phpmyadmin.net
--
-- Host: localhost
-- Generation Time: 10-Jun-2019 às 13:11
-- Versão do servidor: 5.5.55-0+deb8u1
-- PHP Version: 5.6.30-0+deb8u1

SET SQL_MODE = "NO_AUTO_VALUE_ON_ZERO";
SET time_zone = "+00:00";


/*!40101 SET @OLD_CHARACTER_SET_CLIENT=@@CHARACTER_SET_CLIENT */;
/*!40101 SET @OLD_CHARACTER_SET_RESULTS=@@CHARACTER_SET_RESULTS */;
/*!40101 SET @OLD_COLLATION_CONNECTION=@@COLLATION_CONNECTION */;
/*!40101 SET NAMES utf8 */;

--
-- Database: `sistemas_sfpc`
--

--
-- Extraindo dados da tabela `agendamento_assunto`
--

INSERT INTO `agendamento_assunto` (`id_agendamento_assunto`, `nm_agendamento_assunto`, `ds_agendamento_assunto`) VALUES
(1, 'COMÉRCIO EXTERIOR', 'COMÉRCIO EXTERIOR'),
(2, 'UTILIZAÇÃO DE VEÍCULO BLINDADO', 'UTILIZAÇÃO DE VEÍCULO BLINDADO'),
(3, 'DEMAIS ASSUNTOS E SERVIÇOS', 'DEMAIS ASSUNTOS E SERVIÇOS');


--
-- Extraindo dados da tabela `agendamento_login_status`
--

INSERT INTO `agendamento_login_status` (`id_agendamento_login_status`, `nm_status`, `ds_status`) VALUES
(1, 'EM ANÁLISE', 'CADASTRO EM ANÁLISE AGUARDANDO LIBERAÇÃO.'),
(2, 'DEFERIDO', 'LIBERADO PARA REALIZAR AGENDAMENTO.'),
(3, 'INDEFERIDO', 'SOLICITAÇÃO DE ACESSO INDEFERIDA.'),
(4, 'CORRIGIR DADOS', 'CORREÇÃO DE DADOS DO LOGIN SOLICITADA.'),
(5, 'SUSPENSO', 'LOGIN SUSPENSO.');

--
-- Extraindo dados da tabela `agendamento_login_tipo`
--

INSERT INTO `agendamento_login_tipo` (`id_agendamento_login_tipo`, `nm_agendamento_login_tipo`, `ds_agendamento_login_tipo`) VALUES
(1, 'PRÓPRIO INTERESSADO', 'Pessoa Física requerente de assuntos de seu próprio interesse junto à SFPC.'),
(2, 'PROCURADOR (OUTORGADO)', 'Pessoa Física constituída como procurador para requerer assuntos de interesse de seu outorgante junto ao SFPC.'),
(3, 'EMPRESA COM ATV COM PCE', 'Pessoa Física Representante de Pessoa Jurídica que Exerce Atividades com PCE requerente de assuntos da Instituição junto ao SFPC.');

--
-- Extraindo dados da tabela `agendamento_status`
--

INSERT INTO `agendamento_status` (`id_agendamento_status`, `nm_status`, `ds_status`) VALUES
(1, 'AGENDADO', 'USUÁRIO AGENDADO.'),
(2, 'ATENDIDO', 'ATENDIMENTO REALIZADO.'),
(3, 'AUSENTE', 'USUÁRIO AUSENTE NA DATA/HORA AGENDADA.'),
(4, 'DESMARCADO PELO USUÁRIO', 'AGENDAMENTO DESMARCADO PELO USUÁRIO.');

--
-- Extraindo dados da tabela `agendamento_unidade_cidade`
--

INSERT INTO `agendamento_unidade_cidade` (`id_unidade`, `id_cidade`) VALUES
(48, 1),
(11, 2),
(49, 5),
(49, 6),
(49, 7),
(49, 8),
(49, 9),
(48, 10),
(49, 13),
(48, 18),
(11, 19),
(11, 20),
(30, 21),
(49, 23),
(11, 24),
(48, 25),
(48, 26),
(48, 27),
(49, 31),
(11, 32),
(11, 33),
(49, 34),
(49, 36),
(48, 39),
(49, 40),
(49, 41),
(48, 42),
(6, 43),
(11, 44),
(49, 48),
(7, 53),
(48, 54),
(49, 55),
(11, 56),
(49, 57),
(6, 58),
(11, 59),
(49, 60),
(48, 63),
(48, 64),
(6, 65),
(49, 66),
(11, 67),
(49, 70),
(1, 71),
(11, 72),
(48, 73),
(49, 75),
(11, 77),
(48, 78),
(30, 79),
(49, 80),
(11, 84),
(30, 87),
(11, 88),
(6, 89),
(49, 92),
(48, 94),
(11, 95),
(49, 96),
(49, 97),
(2, 98),
(11, 101),
(11, 102),
(1, 103),
(48, 104),
(11, 105),
(48, 108),
(11, 109),
(48, 112),
(48, 113),
(2, 114),
(48, 115),
(48, 116),
(1, 117),
(11, 119),
(11, 122),
(49, 123),
(7, 124),
(49, 126),
(49, 128),
(48, 130),
(48, 131),
(11, 132),
(49, 133),
(49, 136),
(49, 139),
(48, 142),
(48, 143),
(11, 144),
(49, 145),
(49, 147),
(48, 148),
(11, 149),
(48, 150),
(7, 151),
(4, 152),
(6, 154),
(3, 155),
(30, 156),
(48, 158),
(8, 160),
(48, 161),
(8, 162),
(2, 163),
(11, 164),
(11, 165),
(49, 170),
(9, 172),
(8, 173),
(5, 175),
(48, 176),
(2, 177),
(48, 180),
(11, 181),
(48, 183),
(49, 184),
(49, 185),
(7, 186),
(4, 190),
(1, 191),
(11, 193),
(3, 195),
(11, 196),
(48, 197),
(11, 198),
(11, 199),
(11, 202),
(49, 203),
(7, 204),
(49, 205),
(49, 207),
(48, 208),
(48, 211),
(11, 213),
(11, 214),
(49, 216),
(49, 217),
(49, 218),
(48, 219),
(49, 221),
(49, 224),
(49, 225),
(11, 226),
(1, 228),
(11, 229),
(11, 230),
(48, 232),
(6, 233),
(2, 234),
(6, 236),
(11, 239),
(1, 240),
(11, 241),
(3, 243),
(11, 244),
(49, 245),
(11, 246),
(11, 248),
(48, 249),
(48, 250),
(11, 251),
(48, 253),
(2, 254),
(7, 256),
(11, 257),
(11, 258),
(1, 259),
(1, 260),
(48, 261),
(49, 264),
(49, 270),
(48, 271),
(49, 272),
(11, 273),
(48, 274),
(48, 275),
(49, 277),
(11, 281),
(11, 282),
(48, 283),
(1, 284),
(48, 285),
(11, 286),
(48, 288),
(48, 289),
(11, 290),
(8, 291),
(8, 292),
(48, 294),
(48, 295),
(48, 296),
(11, 298),
(11, 299),
(11, 300),
(30, 301),
(48, 302),
(30, 306),
(30, 307),
(11, 308),
(11, 310),
(49, 311),
(11, 313),
(48, 314),
(11, 315),
(11, 317),
(30, 318),
(48, 321),
(1, 322),
(6, 323),
(49, 324),
(11, 325),
(2, 328),
(1, 329),
(11, 330),
(11, 331),
(48, 332),
(9, 333),
(49, 335),
(48, 336),
(48, 337),
(49, 338),
(11, 339),
(11, 341),
(48, 342),
(11, 343),
(49, 347),
(11, 348),
(48, 350),
(49, 352),
(11, 354),
(4, 355),
(2, 356),
(2, 357),
(48, 359),
(4, 360),
(7, 362),
(48, 363),
(11, 364),
(48, 366),
(48, 367),
(49, 368),
(49, 369),
(11, 370),
(49, 371),
(11, 372),
(49, 373),
(11, 375),
(48, 376),
(49, 377),
(49, 379),
(11, 381),
(11, 382),
(2, 383),
(49, 384),
(1, 385),
(49, 386),
(49, 388),
(1, 389),
(49, 390),
(49, 391),
(11, 392),
(49, 393),
(49, 394),
(48, 395),
(1, 396),
(49, 398),
(2, 399),
(8, 400),
(49, 401),
(49, 402),
(11, 403),
(3, 404),
(7, 406),
(8, 407),
(11, 408),
(11, 410),
(11, 411),
(4, 413),
(11, 414),
(2, 417),
(9, 419),
(11, 420),
(4, 422),
(1, 423),
(11, 428),
(8, 429),
(49, 431),
(11, 432),
(49, 433),
(48, 434),
(11, 437),
(48, 439),
(49, 440),
(8, 441),
(48, 444),
(2, 445),
(1, 447),
(5, 455),
(49, 456),
(48, 459),
(6, 460),
(49, 461),
(49, 462),
(49, 463),
(49, 464),
(30, 465),
(6, 467),
(11, 468),
(8, 469),
(48, 470),
(48, 471),
(3, 472),
(48, 473),
(48, 474),
(48, 476),
(49, 477),
(11, 478),
(11, 479),
(11, 481),
(49, 483),
(8, 484),
(49, 486),
(48, 488),
(48, 489),
(11, 490),
(48, 493),
(48, 494),
(11, 495),
(48, 499),
(11, 500),
(1, 501),
(11, 502),
(11, 503),
(11, 504),
(11, 505),
(49, 506),
(11, 507),
(2, 508),
(48, 510),
(48, 511),
(11, 512),
(11, 513),
(3, 514),
(1, 515),
(49, 516),
(49, 517),
(49, 518),
(11, 519),
(2, 520),
(49, 522),
(11, 523),
(11, 524),
(11, 525),
(48, 527),
(7, 528),
(4, 530),
(11, 532),
(8, 534),
(11, 536),
(48, 538),
(48, 539),
(48, 540),
(5, 541),
(49, 542),
(11, 543),
(11, 544),
(11, 545),
(11, 549),
(49, 552),
(11, 553),
(11, 554),
(11, 555),
(11, 556),
(48, 557),
(48, 558),
(11, 560),
(49, 561),
(11, 564),
(11, 566),
(11, 567),
(48, 569),
(49, 570),
(11, 571),
(11, 574),
(48, 575),
(11, 576),
(11, 577),
(1, 578),
(48, 579),
(48, 580),
(48, 581),
(48, 583),
(11, 584),
(48, 585),
(11, 587),
(11, 588),
(11, 589),
(48, 591),
(48, 592),
(48, 593),
(4, 594),
(11, 595),
(49, 598),
(11, 600),
(48, 601),
(49, 602),
(2, 603),
(11, 604),
(11, 608),
(48, 609),
(9, 610),
(48, 611),
(11, 612),
(48, 614),
(49, 615),
(11, 617),
(11, 618),
(9, 619),
(48, 620),
(2, 622),
(48, 623),
(48, 624),
(49, 625),
(2, 626),
(48, 627),
(49, 629),
(49, 630),
(5, 631),
(11, 632),
(49, 633),
(48, 636),
(6, 637),
(49, 638),
(49, 639),
(49, 640),
(30, 641),
(11, 643),
(7, 645),
(48, 646),
(3, 647),
(48, 648),
(11, 649),
(11, 650),
(48, 652),
(1, 653),
(11, 654),
(48, 656),
(30, 657),
(11, 658),
(11, 659),
(11, 660),
(11, 661),
(49, 662),
(7, 663),
(3, 664),
(6, 666),
(11, 667),
(48, 669),
(11, 671),
(2, 672),
(49, 673),
(48, 674),
(48, 675),
(48, 676),
(48, 677),
(48, 678),
(30, 680),
(49, 682),
(48, 683),
(48, 684),
(6, 685),
(48, 686),
(7, 688),
(48, 689),
(5, 691),
(48, 692),
(30, 693),
(2, 694),
(11, 695),
(49, 697),
(11, 698),
(49, 699),
(11, 700),
(48, 701),
(48, 702),
(49, 703),
(1, 704),
(11, 705),
(11, 708),
(11, 709),
(48, 710),
(49, 711),
(49, 712),
(1, 713),
(11, 714),
(49, 715),
(48, 718),
(5, 719),
(48, 720),
(11, 722),
(30, 725),
(48, 726),
(11, 727),
(11, 728),
(1, 729),
(48, 730),
(49, 731),
(7, 732),
(49, 733),
(48, 735),
(48, 736),
(11, 737),
(11, 738),
(49, 740),
(4, 741),
(11, 742),
(49, 743),
(11, 744),
(3, 746),
(48, 747),
(11, 749),
(11, 751),
(49, 752),
(1, 753),
(11, 755),
(49, 757),
(48, 759),
(11, 760),
(3, 761),
(3, 763),
(11, 764),
(11, 766),
(1, 767),
(48, 769),
(1, 770),
(11, 771),
(9, 773),
(48, 774),
(49, 775),
(5, 777),
(48, 779),
(48, 780),
(2, 781),
(5, 784),
(1, 785),
(1, 787),
(11, 788),
(11, 789),
(49, 792),
(11, 793),
(11, 794),
(48, 797),
(11, 799),
(11, 800),
(6, 802),
(3, 803),
(11, 804),
(4, 805),
(1, 806),
(5, 808),
(49, 810),
(49, 812),
(1, 813),
(49, 814),
(48, 815),
(49, 816),
(4, 818),
(49, 819),
(3, 822),
(2, 823),
(49, 825),
(49, 826),
(11, 827),
(11, 828),
(49, 829),
(11, 830),
(11, 831),
(2, 832),
(11, 833),
(6, 835),
(49, 838),
(49, 841),
(11, 843),
(49, 845),
(11, 847),
(1, 848),
(11, 850),
(11, 851),
(1, 852),
(48, 853),
(49, 854),
(3, 859),
(11, 860),
(49, 862),
(3, 863),
(11, 865),
(49, 866),
(49, 867),
(48, 868),
(48, 869),
(49, 870),
(5, 871),
(49, 873),
(48, 874),
(11, 877),
(49, 880),
(49, 881),
(49, 883),
(49, 884),
(11, 885),
(5, 886),
(11, 888),
(49, 891),
(48, 893),
(48, 895),
(11, 897),
(11, 898),
(11, 900),
(5, 901),
(48, 902),
(11, 903),
(11, 904),
(11, 906),
(30, 907),
(11, 908),
(11, 912),
(9, 913),
(48, 914),
(49, 916),
(49, 917),
(49, 918),
(8, 920),
(48, 922),
(9, 928),
(11, 929),
(11, 931),
(49, 933),
(11, 934),
(11, 935);

--
-- Extraindo dados da tabela `carteira`
--

INSERT INTO `carteira` (`id_carteira`, `sg_carteira`, `ds_carteira`, `cor_pasta_carteira`) VALUES
(1, 'CADREG', 'CERTIFICADO DE REGISTRO', 'BRANCA'),
(2, 'SIGMA', 'REGISTRO DE ARMAMENTO', 'AMARELA'),
(3, 'GT', 'GUIA DE TRÁFEGO', 'CINZA'),
(4, 'FISC', 'VISTORIA', 'VERDE'),
(5, 'AQS/CAC', 'AQUISIÇÕES', 'AZUL'),
(6, 'COM/EXT/EXP', 'COMÉRCIO EXTERIOR EXPORTAÇÃO', 'PRETA'),
(7, 'GESTÃO ADM', 'GESTÃO ADMINISTRATIVA', NULL),
(8, 'COM/EXT/DA', 'COMÉRCIO EXTERIOR / DA / CII', NULL),
(9, 'AQS/MP', 'AQUISIÇÃO NA INDÚSTRIA - MP', 'AZUL'),
(10, 'AQS/GCM', 'AQUISIÇÃO NA INDÚSTRIA - GCM', 'AZUL'),
(11, 'BLIND', 'BLINDAGEM', NULL),
(13, 'AQS-IMP', 'AQUISIÇÃO POR IMPORTAÇÃO', 'AZUL'),
(14, 'JUR', 'JURÍDICO', NULL);

--
-- Extraindo dados da tabela `carteira_antigo`
--

INSERT INTO `carteira_antigo` (`id_carteira`, `sg_carteira`, `ds_carteira`, `cor_pasta_carteira`) VALUES
(1, 'CADREG', 'CERTIFICADO DE REGISTRO', 'BRANCA'),
(2, 'SIGMA', 'REGISTRO DE ARMAMENTO', 'AMARELA'),
(3, 'GT', 'GUIA DE TRÁFEGO', 'CINZA'),
(4, 'FISC', 'VISTORIA', 'VERDE'),
(5, 'AQS/CAC', 'AQUISIÇÃO NA INDÚSTRIA - CAC', 'AZUL'),
(6, 'COM/EXT/EXP', 'COMÉRCIO EXTERIOR EXPORTAÇÃO', 'PRETA'),
(7, 'GESTÃO ADM', 'GESTÃO ADMINISTRATIVA', NULL),
(8, 'COM/EXT/DA', 'COMÉRCIO EXTERIOR / DA / CII', NULL),
(9, 'AQS/MP', 'AQUISIÇÃO NA INDÚSTRIA - MP', 'AZUL'),
(10, 'AQS/GCM', 'AQUISIÇÃO NA INDÚSTRIA - GCM', 'AZUL'),
(11, 'BLIND', 'BLINDAGEM', NULL),
(13, 'AQS-IMP', 'AQUISIÇÃO POR IMPORTAÇÃO', 'AZUL');

--
-- Extraindo dados da tabela `carteira_nova`
--

INSERT INTO `carteira_nova` (`id_carteira`, `sg_carteira`, `ds_carteira`, `cor_pasta_carteira`) VALUES
(1, 'CADREG', 'CERTIFICADO DE REGISTRO', 'BRANCA'),
(2, 'SIGMA', 'ARMAMENTO', 'AMARELA'),
(3, 'GT', 'AQUISIÇÕES', 'CINZA'),
(4, 'FISC', 'COPCON', 'VERDE'),
(5, 'AQS/CAC', 'AQUISIÇÕES', 'AZUL'),
(6, 'COM/EXT/EXP', 'COMÉRCIO EXTERIOR EXPORTAÇÃO', 'PRETA'),
(7, 'GESTÃO ADM', 'GESTÃO ADMINISTRATIVA', NULL),
(8, 'COM/EXT/DA', 'COMÉRCIO EXTERIOR / DA / CII', NULL),
(9, 'AQS/MP', 'AQUISIÇÕES', 'AZUL'),
(10, 'AQS/GCM', 'AQUISIÇÕES', 'AZUL'),
(11, 'BLIND', 'BLINDAGEM', NULL),
(13, 'AQS-IMP', 'AQUISIÇÕES', 'AZUL');

--
-- Extraindo dados da tabela `cidade`
--

INSERT INTO `cidade` (`id_cidade`, `uf_cidade`, `nm_cidade`) VALUES
(1, 'SP', 'ADAMANTINA'),
(2, 'SP', 'ADOLFO'),
(3, 'SP', 'AGISSE'),
(4, 'SP', 'AGUA VERMELHA'),
(5, 'SP', 'AGUAI'),
(6, 'SP', 'AGUAS DA PRATA'),
(7, 'SP', 'AGUAS DE LINDOIA'),
(8, 'SP', 'AGUAS DE SANTA BARBARA'),
(9, 'SP', 'AGUAS DE SAO PEDRO'),
(10, 'SP', 'AGUDOS'),
(11, 'SP', 'AGULHA'),
(12, 'SP', 'AJAPI'),
(13, 'SP', 'ALAMBARI'),
(14, 'SP', 'ALBERTO MOREIRA'),
(15, 'SP', 'ALDEIA'),
(16, 'SP', 'ALDEIA DE CARAPICUIBA'),
(17, 'SP', 'ALFREDO GUEDES'),
(18, 'SP', 'ALFREDO MARCONDES'),
(19, 'SP', 'ALTAIR'),
(20, 'SP', 'ALTINOPOLIS'),
(21, 'SP', 'ALTO ALEGRE'),
(22, 'SP', 'ALTO PORA'),
(23, 'SP', 'ALUMINIO'),
(24, 'SP', 'ALVARES FLORENCE'),
(25, 'SP', 'ALVARES MACHADO'),
(26, 'SP', 'ALVARO DE CARVALHO'),
(27, 'SP', 'ALVINLANDIA'),
(28, 'SP', 'AMADEU AMARAL'),
(29, 'SP', 'AMANDABA'),
(30, 'SP', 'AMELIOPOLIS'),
(31, 'SP', 'AMERICANA'),
(32, 'SP', 'AMERICO BRASILIENSE'),
(33, 'SP', 'AMERICO DE CAMPOS'),
(34, 'SP', 'AMPARO'),
(35, 'SP', 'ANA DIAS'),
(36, 'SP', 'ANALANDIA'),
(37, 'SP', 'ANAPOLIS'),
(38, 'SP', 'ANDES'),
(39, 'SP', 'ANDRADINA'),
(40, 'SP', 'ANGATUBA'),
(41, 'SP', 'ANHEMBI'),
(42, 'SP', 'ANHUMAS'),
(43, 'SP', 'APARECIDA'),
(44, 'SP', 'APARECIDA D''OESTE'),
(45, 'SP', 'APARECIDA DE MONTE ALTO'),
(46, 'SP', 'APARECIDA DE SAO MANUEL'),
(47, 'SP', 'APARECIDA DO BONITO'),
(48, 'SP', 'APIAI'),
(49, 'SP', 'APIAI-MIRIM'),
(50, 'SP', 'ARABELA'),
(51, 'SP', 'ARACACU'),
(52, 'SP', 'ARACAIBA'),
(53, 'SP', 'ARACARIGUAMA'),
(54, 'SP', 'ARACATUBA'),
(55, 'SP', 'ARACOIABA DA SERRA'),
(56, 'SP', 'ARAMINA'),
(57, 'SP', 'ARANDU'),
(58, 'SP', 'ARAPEI'),
(59, 'SP', 'ARARAQUARA'),
(60, 'SP', 'ARARAS'),
(61, 'SP', 'ARAXAS'),
(62, 'SP', 'ARCADAS'),
(63, 'SP', 'ARCO-IRIS'),
(64, 'SP', 'AREALVA'),
(65, 'SP', 'AREIAS'),
(66, 'SP', 'AREIOPOLIS'),
(67, 'SP', 'ARIRANHA'),
(68, 'SP', 'ARIRI'),
(69, 'SP', 'ARTEMIS'),
(70, 'SP', 'ARTUR NOGUEIRA'),
(71, 'SP', 'ARUJA'),
(72, 'SP', 'ASPASIA'),
(73, 'SP', 'ASSIS'),
(74, 'SP', 'ASSISTENCIA'),
(75, 'SP', 'ATIBAIA'),
(76, 'SP', 'ATLANTIDA'),
(77, 'SP', 'AURIFLAMA'),
(78, 'SP', 'AVAI'),
(79, 'SP', 'AVANHANDAVA'),
(80, 'SP', 'AVARE'),
(81, 'SP', 'AVENCAS'),
(82, 'SP', 'BACAETAVA'),
(83, 'SP', 'BACURITI'),
(84, 'SP', 'BADY BASSITT'),
(85, 'SP', 'BAGUACU'),
(86, 'SP', 'BAIRRO ALTO'),
(87, 'SP', 'BALBINOS'),
(88, 'SP', 'BALSAMO'),
(89, 'SP', 'BANANAL'),
(90, 'SP', 'BANDEIRANTES D''OESTE'),
(91, 'SP', 'BARAO ATALIBA NOGUEIRA'),
(92, 'SP', 'BARAO DE ANTONINA'),
(93, 'SP', 'BARAO DE GERALDO'),
(94, 'SP', 'BARBOSA'),
(95, 'SP', 'BARIRI'),
(96, 'SP', 'BARRA BONITA'),
(97, 'SP', 'BARRA DO CHAPEU'),
(98, 'SP', 'BARRA DO TURVO'),
(99, 'SP', 'BARRA DOURADA'),
(100, 'SP', 'BARRANIA'),
(101, 'SP', 'BARRETOS'),
(102, 'SP', 'BARRINHA'),
(103, 'SP', 'BARUERI'),
(104, 'SP', 'BASTOS'),
(105, 'SP', 'BATATAIS'),
(106, 'SP', 'BATATUBA'),
(107, 'SP', 'BATISTA BOTELHO'),
(108, 'SP', 'BAURU'),
(109, 'SP', 'BEBEDOURO'),
(110, 'SP', 'BELA FLORESTA'),
(111, 'SP', 'BELA VISTA SAO-CARLENSE'),
(112, 'SP', 'BENTO DE ABREU'),
(113, 'SP', 'BERNARDINO DE CAMPOS'),
(114, 'SP', 'BERTIOGA'),
(115, 'SP', 'BILAC'),
(116, 'SP', 'BIRIGUI'),
(117, 'SP', 'BIRITIBA-MIRIM'),
(118, 'SP', 'BIRITIBA-USSU'),
(119, 'SP', 'BOA ESPERANCA DO SUL'),
(120, 'SP', 'BOA VISTA DOS ANDRADAS'),
(121, 'SP', 'BOA VISTA PAULISTA'),
(122, 'SP', 'BOCAINA'),
(123, 'SP', 'BOFETE'),
(124, 'SP', 'BOITUVA'),
(125, 'SP', 'BOM FIM DO BOM JESUS'),
(126, 'SP', 'BOM JESUS DOS PERDOES'),
(127, 'SP', 'BOM RETIRO DA ESPERANCA'),
(128, 'SP', 'BOM SUCESSO DE ITARARE'),
(129, 'SP', 'BONFIM PAULISTA'),
(130, 'SP', 'BORA'),
(131, 'SP', 'BORACEIA'),
(132, 'SP', 'BORBOREMA'),
(133, 'SP', 'BOREBI'),
(134, 'SP', 'BOTAFOGO'),
(135, 'SP', 'BOTELHO'),
(136, 'SP', 'BOTUCATU'),
(137, 'SP', 'BOTUJURU'),
(138, 'SP', 'BRACO'),
(139, 'SP', 'BRAGANCA PAULISTA'),
(140, 'SP', 'BRAS CUBAS'),
(141, 'SP', 'BRASITANIA'),
(142, 'SP', 'BRAUNA'),
(143, 'SP', 'BREJO ALEGRE'),
(144, 'SP', 'BRODOWSKI'),
(145, 'SP', 'BROTAS'),
(146, 'SP', 'BUENO DE ANDRADA'),
(147, 'SP', 'BURI'),
(148, 'SP', 'BURITAMA'),
(149, 'SP', 'BURITIZAL'),
(150, 'SP', 'CABRALIA PAULISTA'),
(151, 'SP', 'CABREUVA'),
(152, 'SP', 'CACAPAVA'),
(153, 'SP', 'CACHOEIRA DE EMAS'),
(154, 'SP', 'CACHOEIRA PAULISTA'),
(155, 'SP', 'CACONDE'),
(156, 'SP', 'CAFELANDIA'),
(157, 'SP', 'CAFESOPOLIS'),
(158, 'SP', 'CAIABU'),
(159, 'SP', 'CAIBURA'),
(160, 'SP', 'CAIEIRAS'),
(161, 'SP', 'CAIUA'),
(162, 'SP', 'CAJAMAR'),
(163, 'SP', 'CAJATI'),
(164, 'SP', 'CAJOBI'),
(165, 'SP', 'CAJURU'),
(166, 'SP', 'CAMBAQUARA'),
(167, 'SP', 'CAMBARATIBA'),
(168, 'SP', 'CAMPESTRINHO'),
(169, 'SP', 'CAMPINA DE FORA'),
(170, 'SP', 'CAMPINA DO MONTE ALEGRE'),
(171, 'SP', 'CAMPINAL'),
(172, 'SP', 'CAMPINAS'),
(173, 'SP', 'CAMPO LIMPO PAULISTA'),
(174, 'SP', 'CAMPOS DE CUNHA'),
(175, 'SP', 'CAMPOS DO JORDAO'),
(176, 'SP', 'CAMPOS NOVOS PAULISTA'),
(177, 'SP', 'CANANEIA'),
(178, 'SP', 'CANAS'),
(179, 'SP', 'CANDIA'),
(180, 'SP', 'CANDIDO MOTA'),
(181, 'SP', 'CANDIDO RODRIGUES'),
(182, 'SP', 'CANGUERA'),
(183, 'SP', 'CANITAR'),
(184, 'SP', 'CAPAO BONITO'),
(185, 'SP', 'CAPELA DO ALTO'),
(186, 'SP', 'CAPIVARI'),
(187, 'SP', 'CAPIVARI DA MATA'),
(188, 'SP', 'CAPORANGA'),
(189, 'SP', 'CAPUAVA'),
(190, 'SP', 'CARAGUATATUBA'),
(191, 'SP', 'CARAPICUIBA'),
(192, 'SP', 'CARDEAL'),
(193, 'SP', 'CARDOSO'),
(194, 'SP', 'CARUARA'),
(195, 'SP', 'CASA BRANCA'),
(196, 'SP', 'CASSIA DOS COQUEIROS'),
(197, 'SP', 'CASTILHO'),
(198, 'SP', 'CATANDUVA'),
(199, 'SP', 'CATIGUA'),
(200, 'SP', 'CATUCABA'),
(201, 'SP', 'CAUCAIA DO ALTO'),
(202, 'SP', 'CEDRAL'),
(203, 'SP', 'CERQUEIRA CESAR'),
(204, 'SP', 'CERQUILHO'),
(205, 'SP', 'CESARIO LANGE'),
(206, 'SP', 'CEZAR DE SOUZA'),
(207, 'SP', 'CHARQUEADA'),
(208, 'SP', 'CHAVANTES'),
(209, 'SP', 'CIPO-GUACU'),
(210, 'SP', 'CLARINIA'),
(211, 'SP', 'CLEMENTINA'),
(212, 'SP', 'COCAES'),
(213, 'SP', 'COLINA'),
(214, 'SP', 'COLOMBIA'),
(215, 'SP', 'CONCEICAO DE MONTE ALEGRE'),
(216, 'SP', 'CONCHAL'),
(217, 'SP', 'CONCHAS'),
(218, 'SP', 'CORDEIROPOLIS'),
(219, 'SP', 'COROADOS'),
(220, 'SP', 'CORONEL GOULART'),
(221, 'SP', 'CORONEL MACEDO'),
(222, 'SP', 'CORREDEIRA'),
(223, 'SP', 'CORREGO RICO'),
(224, 'SP', 'CORUMBATAI'),
(225, 'SP', 'COSMOPOLIS'),
(226, 'SP', 'COSMORAMA'),
(227, 'SP', 'COSTA MACHADO'),
(228, 'SP', 'COTIA'),
(229, 'SP', 'CRAVINHOS'),
(230, 'SP', 'CRISTAIS PAULISTA'),
(231, 'SP', 'CRUZ DAS POSSES'),
(232, 'SP', 'CRUZALIA'),
(233, 'SP', 'CRUZEIRO'),
(234, 'SP', 'CUBATAO'),
(235, 'SP', 'CUIABA PAULISTA'),
(236, 'SP', 'CUNHA'),
(237, 'SP', 'CURUPA'),
(238, 'SP', 'DALAS'),
(239, 'SP', 'DESCALVADO'),
(240, 'SP', 'DIADEMA'),
(241, 'SP', 'DIRCE REIS'),
(242, 'SP', 'DIRCEU'),
(243, 'SP', 'DIVINOLANDIA'),
(244, 'SP', 'DOBRADA'),
(245, 'SP', 'DOIS CORREGOS'),
(246, 'SP', 'DOLCINOPOLIS'),
(247, 'SP', 'DOMELIA'),
(248, 'SP', 'DOURADO'),
(249, 'SP', 'DRACENA'),
(250, 'SP', 'DUARTINA'),
(251, 'SP', 'DUMONT'),
(252, 'SP', 'DUPLO CEU'),
(253, 'SP', 'ECHAPORA'),
(254, 'SP', 'ELDORADO'),
(255, 'SP', 'ELEUTERIO'),
(256, 'SP', 'ELIAS FAUSTO'),
(257, 'SP', 'ELISIARIO'),
(258, 'SP', 'EMBAUBA'),
(259, 'SP', 'EMBU DAS ARTES'),
(260, 'SP', 'EMBU-GUACU'),
(261, 'SP', 'EMILIANOPOLIS'),
(262, 'SP', 'ENEIDA'),
(263, 'SP', 'ENGENHEIRO BALDUINO'),
(264, 'SP', 'ENGENHEIRO COELHO'),
(265, 'SP', 'ENGENHEIRO MAIA'),
(266, 'SP', 'ENGENHEIRO SCHMIDT'),
(267, 'SP', 'ESMERALDA'),
(268, 'SP', 'ESPERANCA D''OESTE'),
(269, 'SP', 'ESPIGAO'),
(270, 'SP', 'ESPIRITO SANTO DO PINHAL'),
(271, 'SP', 'ESPIRITO SANTO DO TURVO'),
(272, 'SP', 'ESTIVA GERBI'),
(273, 'SP', 'ESTRELA D''OESTE'),
(274, 'SP', 'ESTRELA DO NORTE'),
(275, 'SP', 'EUCLIDES DA CUNHA PAULISTA'),
(276, 'SP', 'EUGENIO DE MELO'),
(277, 'SP', 'FARTURA'),
(278, 'SP', 'FATIMA'),
(279, 'SP', 'FATIMA PAULISTA'),
(280, 'SP', 'FAZENDA VELHA'),
(281, 'SP', 'FERNANDO PRESTES'),
(282, 'SP', 'FERNANDOPOLIS'),
(283, 'SP', 'FERNAO'),
(284, 'SP', 'FERRAZ DE VASCONCELOS'),
(285, 'SP', 'FLORA RICA'),
(286, 'SP', 'FLOREAL'),
(287, 'SP', 'FLORESTA DO SUL'),
(288, 'SP', 'FLORIDA PAULISTA'),
(289, 'SP', 'FLORINEA'),
(290, 'SP', 'FRANCA'),
(291, 'SP', 'FRANCISCO MORATO'),
(292, 'SP', 'FRANCO DA ROCHA'),
(293, 'SP', 'FRUTAL DO CAMPO'),
(294, 'SP', 'GABRIEL MONTEIRO'),
(295, 'SP', 'GALIA'),
(296, 'SP', 'GARCA'),
(297, 'SP', 'GARDENIA'),
(298, 'SP', 'GASTAO VIDIGAL'),
(299, 'SP', 'GAVIAO PEIXOTO'),
(300, 'SP', 'GENERAL SALGADO'),
(301, 'SP', 'GETULINA'),
(302, 'SP', 'GLICERIO'),
(303, 'SP', 'GRAMADINHO'),
(304, 'SP', 'GUACHOS'),
(305, 'SP', 'GUAIANAS'),
(306, 'SP', 'GUAICARA'),
(307, 'SP', 'GUAIMBE'),
(308, 'SP', 'GUAIRA'),
(309, 'SP', 'GUAMIUM'),
(310, 'SP', 'GUAPIACU'),
(311, 'SP', 'GUAPIARA'),
(312, 'SP', 'GUAPIRANGA'),
(313, 'SP', 'GUARA'),
(314, 'SP', 'GUARACAI'),
(315, 'SP', 'GUARACI'),
(316, 'SP', 'GUARACIABA D''OESTE'),
(317, 'SP', 'GUARANI D''OESTE'),
(318, 'SP', 'GUARANTA'),
(319, 'SP', 'GUARAPIRANGA'),
(320, 'SP', 'GUARAPUA'),
(321, 'SP', 'GUARARAPES'),
(322, 'SP', 'GUARAREMA'),
(323, 'SP', 'GUARATINGUETA'),
(324, 'SP', 'GUAREI'),
(325, 'SP', 'GUARIBA'),
(326, 'SP', 'GUARIROBA'),
(327, 'SP', 'GUARIZINHO'),
(328, 'SP', 'GUARUJA'),
(329, 'SP', 'GUARULHOS'),
(330, 'SP', 'GUATAPARA'),
(331, 'SP', 'GUZOLANDIA'),
(332, 'SP', 'HERCULANDIA'),
(333, 'SP', 'HOLAMBRA'),
(334, 'SP', 'HOLAMBRA II'),
(335, 'SP', 'HORTOLANDIA'),
(336, 'SP', 'IACANGA'),
(337, 'SP', 'IACRI'),
(338, 'SP', 'IARAS'),
(339, 'SP', 'IBATE'),
(340, 'SP', 'IBIPORANGA'),
(341, 'SP', 'IBIRA'),
(342, 'SP', 'IBIRAREMA'),
(343, 'SP', 'IBITINGA'),
(344, 'SP', 'IBITIRUNA'),
(345, 'SP', 'IBITIUVA'),
(346, 'SP', 'IBITU'),
(347, 'SP', 'IBIUNA'),
(348, 'SP', 'ICEM'),
(349, 'SP', 'IDA IOLANDA'),
(350, 'SP', 'IEPE'),
(351, 'SP', 'IGACABA'),
(352, 'SP', 'IGARACU DO TIETE'),
(353, 'SP', 'IGARAI'),
(354, 'SP', 'IGARAPAVA'),
(355, 'SP', 'IGARATA'),
(356, 'SP', 'IGUAPE'),
(357, 'SP', 'ILHA COMPRIDA'),
(358, 'SP', 'ILHA DIANA'),
(359, 'SP', 'ILHA SOLTEIRA'),
(360, 'SP', 'ILHABELA'),
(361, 'SP', 'INDAIA DO AGUAPEI'),
(362, 'SP', 'INDAIATUBA'),
(363, 'SP', 'INDIANA'),
(364, 'SP', 'INDIAPORA'),
(365, 'SP', 'INGAS'),
(366, 'SP', 'INUBIA PAULISTA'),
(367, 'SP', 'IPAUSSU'),
(368, 'SP', 'IPERO'),
(369, 'SP', 'IPEUNA'),
(370, 'SP', 'IPIGUA'),
(371, 'SP', 'IPORANGA'),
(372, 'SP', 'IPUA'),
(373, 'SP', 'IRACEMAPOLIS'),
(374, 'SP', 'IRAPE'),
(375, 'SP', 'IRAPUA'),
(376, 'SP', 'IRAPURU'),
(377, 'SP', 'ITABERA'),
(378, 'SP', 'ITABOA'),
(379, 'SP', 'ITAI'),
(380, 'SP', 'ITAIUBA'),
(381, 'SP', 'ITAJOBI'),
(382, 'SP', 'ITAJU'),
(383, 'SP', 'ITANHAEM'),
(384, 'SP', 'ITAOCA'),
(385, 'SP', 'ITAPECERICA DA SERRA'),
(386, 'SP', 'ITAPETININGA'),
(387, 'SP', 'ITAPEUNA'),
(388, 'SP', 'ITAPEVA'),
(389, 'SP', 'ITAPEVI'),
(390, 'SP', 'ITAPIRA'),
(391, 'SP', 'ITAPIRAPUA PAULISTA'),
(392, 'SP', 'ITAPOLIS'),
(393, 'SP', 'ITAPORANGA'),
(394, 'SP', 'ITAPUI'),
(395, 'SP', 'ITAPURA'),
(396, 'SP', 'ITAQUAQUECETUBA'),
(397, 'SP', 'ITAQUERI DA SERRA'),
(398, 'SP', 'ITARARE'),
(399, 'SP', 'ITARIRI'),
(400, 'SP', 'ITATIBA'),
(401, 'SP', 'ITATINGA'),
(402, 'SP', 'ITIRAPINA'),
(403, 'SP', 'ITIRAPUA'),
(404, 'SP', 'ITOBI'),
(405, 'SP', 'ITORORO DO PARANAPANEMA'),
(406, 'SP', 'ITU'),
(407, 'SP', 'ITUPEVA'),
(408, 'SP', 'ITUVERAVA'),
(409, 'SP', 'IUBATINGA'),
(410, 'SP', 'JABORANDI'),
(411, 'SP', 'JABOTICABAL'),
(412, 'SP', 'JACARE'),
(413, 'SP', 'JACAREI'),
(414, 'SP', 'JACI'),
(415, 'SP', 'JACIPORA'),
(416, 'SP', 'JACUBA'),
(417, 'SP', 'JACUPIRANGA'),
(418, 'SP', 'JAFA'),
(419, 'SP', 'JAGUARIUNA'),
(420, 'SP', 'JALES'),
(421, 'SP', 'JAMAICA'),
(422, 'SP', 'JAMBEIRO'),
(423, 'SP', 'JANDIRA'),
(424, 'SP', 'JARDIM BELVAL'),
(425, 'SP', 'JARDIM PRESIDENTE DUTRA'),
(426, 'SP', 'JARDIM SANTA LUZIA'),
(427, 'SP', 'JARDIM SILVEIRA'),
(428, 'SP', 'JARDINOPOLIS'),
(429, 'SP', 'JARINU'),
(430, 'SP', 'JATOBA'),
(431, 'SP', 'JAU'),
(432, 'SP', 'JERIQUARA'),
(433, 'SP', 'JOANOPOLIS'),
(434, 'SP', 'JOAO RAMALHO'),
(435, 'SP', 'JOAQUIM EGIDIO'),
(436, 'SP', 'JORDANESIA'),
(437, 'SP', 'JOSE BONIFACIO'),
(438, 'SP', 'JULIANIA'),
(439, 'SP', 'JULIO MESQUITA'),
(440, 'SP', 'JUMIRIM'),
(441, 'SP', 'JUNDIAI'),
(442, 'SP', 'JUNDIAPEBA'),
(443, 'SP', 'JUNQUEIRA'),
(444, 'SP', 'JUNQUEIROPOLIS'),
(445, 'SP', 'JUQUIA'),
(446, 'SP', 'JUQUIRATIBA'),
(447, 'SP', 'JUQUITIBA'),
(448, 'SP', 'JURITIS'),
(449, 'SP', 'JURUCE'),
(450, 'SP', 'JURUPEBA'),
(451, 'SP', 'JURUPEMA'),
(452, 'SP', 'LACIO'),
(453, 'SP', 'LAGOA AZUL'),
(454, 'SP', 'LAGOA BRANCA'),
(455, 'SP', 'LAGOINHA'),
(456, 'SP', 'LARANJAL PAULISTA'),
(457, 'SP', 'LARAS'),
(458, 'SP', 'LAURO PENTEADO'),
(459, 'SP', 'LAVINIA'),
(460, 'SP', 'LAVRINHAS'),
(461, 'SP', 'LEME'),
(462, 'SP', 'LENCOIS PAULISTA'),
(463, 'SP', 'LIMEIRA'),
(464, 'SP', 'LINDOIA'),
(465, 'SP', 'LINS'),
(466, 'SP', 'LOBO'),
(467, 'SP', 'LORENA'),
(468, 'SP', 'LOURDES'),
(469, 'SP', 'LOUVEIRA'),
(470, 'SP', 'LUCELIA'),
(471, 'SP', 'LUCIANOPOLIS'),
(472, 'SP', 'LUIS ANTONIO'),
(473, 'SP', 'LUIZIANIA'),
(474, 'SP', 'LUPERCIO'),
(475, 'SP', 'LUSITANIA'),
(476, 'SP', 'LUTECIA'),
(477, 'SP', 'MACATUBA'),
(478, 'SP', 'MACAUBAL'),
(479, 'SP', 'MACEDONIA'),
(480, 'SP', 'MACUCOS'),
(481, 'SP', 'MAGDA'),
(482, 'SP', 'MAILASQUI'),
(483, 'SP', 'MAIRINQUE'),
(484, 'SP', 'MAIRIPORA'),
(485, 'SP', 'MAJOR PRADO'),
(486, 'SP', 'MANDURI'),
(487, 'SP', 'MANGARATU'),
(488, 'SP', 'MARABA PAULISTA'),
(489, 'SP', 'MARACAI'),
(490, 'SP', 'MARAPOAMA'),
(491, 'SP', 'MARCONDESIA'),
(492, 'SP', 'MARESIAS'),
(493, 'SP', 'MARIAPOLIS'),
(494, 'SP', 'MARILIA'),
(495, 'SP', 'MARINOPOLIS'),
(496, 'SP', 'MARISTELA'),
(497, 'SP', 'MARTIM FRANCISCO'),
(498, 'SP', 'MARTINHO PRADO JUNIOR'),
(499, 'SP', 'MARTINOPOLIS'),
(500, 'SP', 'MATAO'),
(501, 'SP', 'MAUA'),
(502, 'SP', 'MENDONCA'),
(503, 'SP', 'MERIDIANO'),
(504, 'SP', 'MESOPOLIS'),
(505, 'SP', 'MIGUELOPOLIS'),
(506, 'SP', 'MINEIROS DO TIETE'),
(507, 'SP', 'MIRA ESTRELA'),
(508, 'SP', 'MIRACATU'),
(509, 'SP', 'MIRALUZ'),
(510, 'SP', 'MIRANDOPOLIS'),
(511, 'SP', 'MIRANTE DO PARANAPANEMA'),
(512, 'SP', 'MIRASSOL'),
(513, 'SP', 'MIRASSOLANDIA'),
(514, 'SP', 'MOCOCA'),
(515, 'SP', 'MOGI DAS CRUZES'),
(516, 'SP', 'MOGI-GUACU'),
(517, 'SP', 'MOGI-MIRIM'),
(518, 'SP', 'MOMBUCA'),
(519, 'SP', 'MONCOES'),
(520, 'SP', 'MONGAGUA'),
(521, 'SP', 'MONTALVAO'),
(522, 'SP', 'MONTE ALEGRE DO SUL'),
(523, 'SP', 'MONTE ALTO'),
(524, 'SP', 'MONTE APRAZIVEL'),
(525, 'SP', 'MONTE AZUL PAULISTA'),
(526, 'SP', 'MONTE CABRAO'),
(527, 'SP', 'MONTE CASTELO'),
(528, 'SP', 'MONTE MOR'),
(529, 'SP', 'MONTE VERDE PAULISTA'),
(530, 'SP', 'MONTEIRO LOBATO'),
(531, 'SP', 'MOREIRA CESAR'),
(532, 'SP', 'MORRO AGUDO'),
(533, 'SP', 'MORRO DO ALTO'),
(534, 'SP', 'MORUNGABA'),
(535, 'SP', 'MOSTARDAS'),
(536, 'SP', 'MOTUCA'),
(537, 'SP', 'MOURAO'),
(538, 'SP', 'MURUTINGA DO SUL'),
(539, 'SP', 'NANTES'),
(540, 'SP', 'NARANDIBA'),
(541, 'SP', 'NATIVIDADE DA SERRA'),
(542, 'SP', 'NAZARE PAULISTA'),
(543, 'SP', 'NEVES PAULISTA'),
(544, 'SP', 'NHANDEARA'),
(545, 'SP', 'NIPOA'),
(546, 'SP', 'NOGUEIRA'),
(547, 'SP', 'NOSSA SENHORA DO REMEDIO'),
(548, 'SP', 'NOVA ALEXANDRIA'),
(549, 'SP', 'NOVA ALIANCA'),
(550, 'SP', 'NOVA AMERICA'),
(551, 'SP', 'NOVA APARECIDA'),
(552, 'SP', 'NOVA CAMPINA'),
(553, 'SP', 'NOVA CANAA PAULISTA'),
(554, 'SP', 'NOVA CASTILHO'),
(555, 'SP', 'NOVA EUROPA'),
(556, 'SP', 'NOVA GRANADA'),
(557, 'SP', 'NOVA GUATAPORANGA'),
(558, 'SP', 'NOVA INDEPENDENCIA'),
(559, 'SP', 'NOVA ITAPIREMA'),
(560, 'SP', 'NOVA LUZITANIA'),
(561, 'SP', 'NOVA ODESSA'),
(562, 'SP', 'NOVA PATRIA'),
(563, 'SP', 'NOVA VENEZA'),
(564, 'SP', 'NOVAIS'),
(565, 'SP', 'NOVO CRAVINHOS'),
(566, 'SP', 'NOVO HORIZONTE'),
(567, 'SP', 'NUPORANGA'),
(568, 'SP', 'OASIS'),
(569, 'SP', 'OCAUCU'),
(570, 'SP', 'OLEO'),
(571, 'SP', 'OLIMPIA'),
(572, 'SP', 'OLIVEIRA BARROS'),
(573, 'SP', 'ONDA BRANCA'),
(574, 'SP', 'ONDA VERDE'),
(575, 'SP', 'ORIENTE'),
(576, 'SP', 'ORINDIUVA'),
(577, 'SP', 'ORLANDIA'),
(578, 'SP', 'OSASCO'),
(579, 'SP', 'OSCAR BRESSANE'),
(580, 'SP', 'OSVALDO CRUZ'),
(581, 'SP', 'OURINHOS'),
(582, 'SP', 'OURO FINO PAULISTA'),
(583, 'SP', 'OURO VERDE'),
(584, 'SP', 'OUROESTE'),
(585, 'SP', 'PACAEMBU'),
(586, 'SP', 'PADRE NOBREGA'),
(587, 'SP', 'PALESTINA'),
(588, 'SP', 'PALMARES PAULISTA'),
(589, 'SP', 'PALMEIRA D''OESTE'),
(590, 'SP', 'PALMEIRAS DE SAO PAULO'),
(591, 'SP', 'PALMITAL'),
(592, 'SP', 'PANORAMA'),
(593, 'SP', 'PARAGUACU PAULISTA'),
(594, 'SP', 'PARAIBUNA'),
(595, 'SP', 'PARAISO'),
(596, 'SP', 'PARAISOLANDIA'),
(597, 'SP', 'PARANABI'),
(598, 'SP', 'PARANAPANEMA'),
(599, 'SP', 'PARANAPIACABA'),
(600, 'SP', 'PARANAPUA'),
(601, 'SP', 'PARAPUA'),
(602, 'SP', 'PARDINHO'),
(603, 'SP', 'PARIQUERA-ACU'),
(604, 'SP', 'PARISI'),
(605, 'SP', 'PARNASO'),
(606, 'SP', 'PARQUE MEIA LUA'),
(607, 'SP', 'PARURU'),
(608, 'SP', 'PATROCINIO PAULISTA'),
(609, 'SP', 'PAULICEIA'),
(610, 'SP', 'PAULINIA'),
(611, 'SP', 'PAULISTANIA'),
(612, 'SP', 'PAULO DE FARIA'),
(613, 'SP', 'PAULOPOLIS'),
(614, 'SP', 'PEDERNEIRAS'),
(615, 'SP', 'PEDRA BELA'),
(616, 'SP', 'PEDRA BRANCA DE ITARARE'),
(617, 'SP', 'PEDRANOPOLIS'),
(618, 'SP', 'PEDREGULHO'),
(619, 'SP', 'PEDREIRA'),
(620, 'SP', 'PEDRINHAS PAULISTA'),
(621, 'SP', 'PEDRO BARROS'),
(622, 'SP', 'PEDRO DE TOLEDO'),
(623, 'SP', 'PENAPOLIS'),
(624, 'SP', 'PEREIRA BARRETO'),
(625, 'SP', 'PEREIRAS'),
(626, 'SP', 'PERUIBE'),
(627, 'SP', 'PIACATU'),
(628, 'SP', 'PICINGUABA'),
(629, 'SP', 'PIEDADE'),
(630, 'SP', 'PILAR DO SUL'),
(631, 'SP', 'PINDAMONHANGABA'),
(632, 'SP', 'PINDORAMA'),
(633, 'SP', 'PINHALZINHO'),
(634, 'SP', 'PINHEIROS'),
(635, 'SP', 'PIONEIROS'),
(636, 'SP', 'PIQUEROBI'),
(637, 'SP', 'PIQUETE'),
(638, 'SP', 'PIRACAIA'),
(639, 'SP', 'PIRACICABA'),
(640, 'SP', 'PIRAJU'),
(641, 'SP', 'PIRAJUI'),
(642, 'SP', 'PIRAMBOIA'),
(643, 'SP', 'PIRANGI'),
(644, 'SP', 'PIRAPITINGUI'),
(645, 'SP', 'PIRAPORA DO BOM JESUS'),
(646, 'SP', 'PIRAPOZINHO'),
(647, 'SP', 'PIRASSUNUNGA'),
(648, 'SP', 'PIRATININGA'),
(649, 'SP', 'PITANGUEIRAS'),
(650, 'SP', 'PLANALTO'),
(651, 'SP', 'PLANALTO DO SUL'),
(652, 'SP', 'PLATINA'),
(653, 'SP', 'POA'),
(654, 'SP', 'POLONI'),
(655, 'SP', 'POLVILHO'),
(656, 'SP', 'POMPEIA'),
(657, 'SP', 'PONGAI'),
(658, 'SP', 'PONTAL'),
(659, 'SP', 'PONTALINDA'),
(660, 'SP', 'PONTES GESTAL'),
(661, 'SP', 'POPULINA'),
(662, 'SP', 'PORANGABA'),
(663, 'SP', 'PORTO FELIZ'),
(664, 'SP', 'PORTO FERREIRA'),
(665, 'SP', 'PORTO NOVO'),
(666, 'SP', 'POTIM'),
(667, 'SP', 'POTIRENDABA'),
(668, 'SP', 'POTUNDUVA'),
(669, 'SP', 'PRACINHA'),
(670, 'SP', 'PRADINIA'),
(671, 'SP', 'PRADOPOLIS'),
(672, 'SP', 'PRAIA GRANDE'),
(673, 'SP', 'PRATANIA'),
(674, 'SP', 'PRESIDENTE ALVES'),
(675, 'SP', 'PRESIDENTE BERNARDES'),
(676, 'SP', 'PRESIDENTE EPITACIO'),
(677, 'SP', 'PRESIDENTE PRUDENTE'),
(678, 'SP', 'PRESIDENTE VENCESLAU'),
(679, 'SP', 'PRIMAVERA'),
(680, 'SP', 'PROMISSAO'),
(681, 'SP', 'PRUDENCIO E MORAES'),
(682, 'SP', 'QUADRA'),
(683, 'SP', 'QUATA'),
(684, 'SP', 'QUEIROZ'),
(685, 'SP', 'QUELUZ'),
(686, 'SP', 'QUINTANA'),
(687, 'SP', 'QUIRIRIM'),
(688, 'SP', 'RAFARD'),
(689, 'SP', 'RANCHARIA'),
(690, 'SP', 'RECHAN'),
(691, 'SP', 'REDENCAO DA SERRA'),
(692, 'SP', 'REGENTE FEIJO'),
(693, 'SP', 'REGINOPOLIS'),
(694, 'SP', 'REGISTRO'),
(695, 'SP', 'RESTINGA'),
(696, 'SP', 'RIACHO GRANDE'),
(697, 'SP', 'RIBEIRA'),
(698, 'SP', 'RIBEIRAO BONITO'),
(699, 'SP', 'RIBEIRAO BRANCO'),
(700, 'SP', 'RIBEIRAO CORRENTE'),
(701, 'SP', 'RIBEIRAO DO SUL'),
(702, 'SP', 'RIBEIRAO DOS INDIOS'),
(703, 'SP', 'RIBEIRAO GRANDE'),
(704, 'SP', 'RIBEIRAO PIRES'),
(705, 'SP', 'RIBEIRAO PRETO'),
(706, 'SP', 'RIBEIRO DO VALE'),
(707, 'SP', 'RIBEIRO DOS SANTOS'),
(708, 'SP', 'RIFAINA'),
(709, 'SP', 'RINCAO'),
(710, 'SP', 'RINOPOLIS'),
(711, 'SP', 'RIO CLARO'),
(712, 'SP', 'RIO DAS PEDRAS'),
(713, 'SP', 'RIO GRANDE DA SERRA'),
(714, 'SP', 'RIOLANDIA'),
(715, 'SP', 'RIVERSUL'),
(716, 'SP', 'ROBERTO'),
(717, 'SP', 'ROSALIA'),
(718, 'SP', 'ROSANA'),
(719, 'SP', 'ROSEIRA'),
(720, 'SP', 'RUBIACEA'),
(721, 'SP', 'RUBIAO JUNIOR'),
(722, 'SP', 'RUBINEIA'),
(723, 'SP', 'RUILANDIA'),
(724, 'SP', 'SABAUNA'),
(725, 'SP', 'SABINO'),
(726, 'SP', 'SAGRES'),
(727, 'SP', 'SALES'),
(728, 'SP', 'SALES OLIVEIRA'),
(729, 'SP', 'SALESOPOLIS'),
(730, 'SP', 'SALMOURAO'),
(731, 'SP', 'SALTINHO'),
(732, 'SP', 'SALTO'),
(733, 'SP', 'SALTO DE PIRAPORA'),
(734, 'SP', 'SALTO DO AVANHANDAVA'),
(735, 'SP', 'SALTO GRANDE'),
(736, 'SP', 'SANDOVALINA'),
(737, 'SP', 'SANTA ADELIA'),
(738, 'SP', 'SANTA ALBERTINA'),
(739, 'SP', 'SANTA AMERICA'),
(740, 'SP', 'SANTA BARBARA DOESTE'),
(741, 'SP', 'SANTA BRANCA'),
(742, 'SP', 'SANTA CLARA D''OESTE'),
(743, 'SP', 'SANTA CRUZ DA CONCEICAO'),
(744, 'SP', 'SANTA CRUZ DA ESPERANCA'),
(745, 'SP', 'SANTA CRUZ DA ESTRELA'),
(746, 'SP', 'SANTA CRUZ DAS PALMEIRAS'),
(747, 'SP', 'SANTA CRUZ DO RIO PARDO'),
(748, 'SP', 'SANTA CRUZ DOS LOPES'),
(749, 'SP', 'SANTA ERNESTINA'),
(750, 'SP', 'SANTA EUDOXIA'),
(751, 'SP', 'SANTA FE DO SUL'),
(752, 'SP', 'SANTA GERTRUDES'),
(753, 'SP', 'SANTA ISABEL'),
(754, 'SP', 'SANTA ISABEL DO MARINHEIRO'),
(755, 'SP', 'SANTA LUCIA'),
(756, 'SP', 'SANTA MARGARIDA PAULISTA'),
(757, 'SP', 'SANTA MARIA DA SERRA'),
(758, 'SP', 'SANTA MARIA DO GURUPA'),
(759, 'SP', 'SANTA MERCEDES'),
(760, 'SP', 'SANTA RITA D''OESTE'),
(761, 'SP', 'SANTA RITA DO PASSA QUATRO'),
(762, 'SP', 'SANTA RITA DO RIBEIRA'),
(763, 'SP', 'SANTA ROSA DE VITERBO'),
(764, 'SP', 'SANTA SALETE'),
(765, 'SP', 'SANTA TERESINHA DE PIRACICABA'),
(766, 'SP', 'SANTANA DA PONTE PENSA'),
(767, 'SP', 'SANTANA DE PARNAIBA'),
(768, 'SP', 'SANTELMO'),
(769, 'SP', 'SANTO ANASTACIO'),
(770, 'SP', 'SANTO ANDRE'),
(771, 'SP', 'SANTO ANTONIO DA ALEGRIA'),
(772, 'SP', 'SANTO ANTONIO DA ESTIVA'),
(773, 'SP', 'SANTO ANTONIO DE POSSE'),
(774, 'SP', 'SANTO ANTONIO DO ARACANGUA'),
(775, 'SP', 'SANTO ANTONIO DO JARDIM'),
(776, 'SP', 'SANTO ANTONIO DO PARANAPANEMA'),
(777, 'SP', 'SANTO ANTONIO DO PINHAL'),
(778, 'SP', 'SANTO ANTONIO PAULISTA'),
(779, 'SP', 'SANTO EXPEDITO'),
(780, 'SP', 'SANTOPOLIS DO AGUAPEI'),
(781, 'SP', 'SANTOS'),
(782, 'SP', 'SAO BENEDITO DA CACHOEIRINHA'),
(783, 'SP', 'SAO BENEDITO DAS AREIAS'),
(784, 'SP', 'SAO BENTO DO SAPUCAI'),
(785, 'SP', 'SAO BERNARDO DO CAMPO'),
(786, 'SP', 'SAO BERTO'),
(787, 'SP', 'SAO CAETANO DO SUL'),
(788, 'SP', 'SAO CARLOS'),
(789, 'SP', 'SAO FRANCISCO'),
(790, 'SP', 'SAO FRANCISCO DA PRAIA'),
(791, 'SP', 'SAO FRANCISCO XAVIER'),
(792, 'SP', 'SAO JOAO DA BOA VISTA'),
(793, 'SP', 'SAO JOAO DAS DUAS PONTES'),
(794, 'SP', 'SAO JOAO DE IRACEMA'),
(795, 'SP', 'SAO JOAO DE ITAGUACU'),
(796, 'SP', 'SAO JOAO DO MARINHEIRO'),
(797, 'SP', 'SAO JOAO DO PAU D''ALHO'),
(798, 'SP', 'SAO JOAO NOVO'),
(799, 'SP', 'SAO JOAQUIM DA BARRA'),
(800, 'SP', 'SAO JOSE DA BELA VISTA'),
(801, 'SP', 'SAO JOSE DAS LARANJEIRAS'),
(802, 'SP', 'SAO JOSE DO BARREIRO'),
(803, 'SP', 'SAO JOSE DO RIO PARDO'),
(804, 'SP', 'SAO JOSE DO RIO PRETO'),
(805, 'SP', 'SAO JOSE DOS CAMPOS'),
(806, 'SP', 'SAO LOURENCO DA SERRA'),
(807, 'SP', 'SAO LOURENCO DO TURVO'),
(808, 'SP', 'SAO LUIS DO PARAITINGA'),
(809, 'SP', 'SAO LUIZ DO GUARICANGA'),
(810, 'SP', 'SAO MANUEL'),
(811, 'SP', 'SAO MARTINHO D''OESTE'),
(812, 'SP', 'SAO MIGUEL ARCANJO'),
(813, 'SP', 'SAO PAULO'),
(814, 'SP', 'SAO PEDRO'),
(815, 'SP', 'SAO PEDRO DO TURVO'),
(816, 'SP', 'SAO ROQUE'),
(817, 'SP', 'SAO ROQUE DA FARTURA'),
(818, 'SP', 'SAO SEBASTIAO'),
(819, 'SP', 'SAO SEBASTIAO DA GRAMA'),
(820, 'SP', 'SAO SEBASTIAO DA SERRA'),
(821, 'SP', 'SAO SILVESTRE DE JACAREI'),
(822, 'SP', 'SAO SIMAO'),
(823, 'SP', 'SAO VICENTE'),
(824, 'SP', 'SAPEZAL'),
(825, 'SP', 'SARAPUI'),
(826, 'SP', 'SARUTAIA'),
(827, 'SP', 'SEBASTIANOPOLIS DO SUL'),
(828, 'SP', 'SERRA AZUL'),
(829, 'SP', 'SERRA NEGRA'),
(830, 'SP', 'SERRANA'),
(831, 'SP', 'SERTAOZINHO'),
(832, 'SP', 'SETE BARRAS'),
(833, 'SP', 'SEVERINIA'),
(834, 'SP', 'SILVANIA'),
(835, 'SP', 'SILVEIRAS'),
(836, 'SP', 'SIMOES'),
(837, 'SP', 'SIMONSEN'),
(838, 'SP', 'SOCORRO'),
(839, 'SP', 'SODRELIA'),
(840, 'SP', 'SOLEMAR'),
(841, 'SP', 'SOROCABA'),
(842, 'SP', 'SOUSAS'),
(843, 'SP', 'SUD MENNUCCI'),
(844, 'SP', 'SUINANA'),
(845, 'SP', 'SUMARE'),
(846, 'SP', 'SUSSUI'),
(847, 'SP', 'SUZANAPOLIS'),
(848, 'SP', 'SUZANO'),
(849, 'SP', 'TABAJARA'),
(850, 'SP', 'TABAPUA'),
(851, 'SP', 'TABATINGA'),
(852, 'SP', 'TABOAO DA SERRA'),
(853, 'SP', 'TACIBA'),
(854, 'SP', 'TAGUAI'),
(855, 'SP', 'TAIACU'),
(856, 'SP', 'TAIACUPEBA'),
(857, 'SP', 'TAIUVA'),
(858, 'SP', 'TALHADO'),
(859, 'SP', 'TAMBAU'),
(860, 'SP', 'TANABI'),
(861, 'SP', 'TAPINAS'),
(862, 'SP', 'TAPIRAI'),
(863, 'SP', 'TAPIRATIBA'),
(864, 'SP', 'TAQUARAL'),
(865, 'SP', 'TAQUARITINGA'),
(866, 'SP', 'TAQUARITUBA'),
(867, 'SP', 'TAQUARIVAI'),
(868, 'SP', 'TARABAI'),
(869, 'SP', 'TARUMA'),
(870, 'SP', 'TATUI'),
(871, 'SP', 'TAUBATE'),
(872, 'SP', 'TECAINDA'),
(873, 'SP', 'TEJUPA'),
(874, 'SP', 'TEODORO SAMPAIO'),
(875, 'SP', 'TERMAS DE IBIRA'),
(876, 'SP', 'TERRA NOVA D''OESTE'),
(877, 'SP', 'TERRA ROXA'),
(878, 'SP', 'TIBIRICA'),
(879, 'SP', 'TIBIRICA DO PARANAPANEMA'),
(880, 'SP', 'TIETE'),
(881, 'SP', 'TIMBURI'),
(882, 'SP', 'TOLEDO'),
(883, 'SP', 'TORRE DE PEDRA'),
(884, 'SP', 'TORRINHA'),
(885, 'SP', 'TRABIJU'),
(886, 'SP', 'TREMEMBE'),
(887, 'SP', 'TRES ALIANCAS'),
(888, 'SP', 'TRES FRONTEIRAS'),
(889, 'SP', 'TRES PONTES'),
(890, 'SP', 'TRES VENDAS'),
(891, 'SP', 'TUIUTI'),
(892, 'SP', 'TUJUGUABA'),
(893, 'SP', 'TUPA'),
(894, 'SP', 'TUPI'),
(895, 'SP', 'TUPI PAULISTA'),
(896, 'SP', 'TURIBA DO SUL'),
(897, 'SP', 'TURIUBA'),
(898, 'SP', 'TURMALINA'),
(899, 'SP', 'TURVINIA'),
(900, 'SP', 'UBARANA'),
(901, 'SP', 'UBATUBA'),
(902, 'SP', 'UBIRAJARA'),
(903, 'SP', 'UCHOA'),
(904, 'SP', 'UNIAO PAULISTA'),
(905, 'SP', 'UNIVERSO'),
(906, 'SP', 'URANIA'),
(907, 'SP', 'URU'),
(908, 'SP', 'URUPES'),
(909, 'SP', 'URURAI'),
(910, 'SP', 'UTINGA'),
(911, 'SP', 'VALE FORMOSO'),
(912, 'SP', 'VALENTIM GENTIL'),
(913, 'SP', 'VALINHOS'),
(914, 'SP', 'VALPARAISO'),
(915, 'SP', 'VANGLORIA'),
(916, 'SP', 'VARGEM'),
(917, 'SP', 'VARGEM GRANDE DO SUL'),
(918, 'SP', 'VARGEM GRANDE PAULISTA'),
(919, 'SP', 'VARPA'),
(920, 'SP', 'VARZEA PAULISTA'),
(921, 'SP', 'VENDA BRANCA'),
(922, 'SP', 'VERA CRUZ'),
(923, 'SP', 'VICENTE DE CARVALHO'),
(924, 'SP', 'VICENTINOPOLIS'),
(925, 'SP', 'VILA DIRCE'),
(926, 'SP', 'VILA NERY'),
(927, 'SP', 'VILA XAVIER'),
(928, 'SP', 'VINHEDO'),
(929, 'SP', 'VIRADOURO'),
(930, 'SP', 'VISTA ALEGRE DO ALTO'),
(931, 'SP', 'VITORIA BRASIL'),
(932, 'SP', 'VITORIANA'),
(933, 'SP', 'VOTORANTIM'),
(934, 'SP', 'VOTUPORANGA'),
(935, 'SP', 'ZACARIAS');

--
-- Extraindo dados da tabela `documento_indexador`
--

INSERT INTO `documento_indexador` (`id_documento_indexador`, `id_documento_indexador_formato`, `nm_documento_indexador`) VALUES
(1, 2, 'Nº PROTOCOLO'),
(2, 4, 'Nº RG'),
(3, 5, 'Nº CPF'),
(4, 6, 'Nº CNPJ'),
(5, 1, 'OBSERVAÇÃO');

--
-- Extraindo dados da tabela `documento_indexador_formato`
--

INSERT INTO `documento_indexador_formato` (`id_documento_indexador_formato`, `nm_documento_indexador_formato`) VALUES
(1, 'TEXTO'),
(2, 'NÚMERO'),
(3, 'DATA'),
(4, 'RG'),
(5, 'CPF'),
(6, 'CNPJ'),
(7, 'PLACA VEÍCULO');

--
-- Extraindo dados da tabela `documento_tipo`
--

INSERT INTO `documento_tipo` (`id_documento_tipo`, `sg_documento_tipo`, `nm_documento_tipo`, `ds_documento_tipo`) VALUES
(1, 'PROC_COMP', 'PROCESSO COMPLETO', 'PROCESSO COMPLETO DIGITAL');

--
-- Extraindo dados da tabela `documento_tipo_indexadores`
--

INSERT INTO `documento_tipo_indexadores` (`id_documento_tipo`, `id_documento_indexador`, `nr_ordem`, `st_obrigatorio`) VALUES
(1, 1, 3, 0),
(1, 3, 1, 0),
(1, 4, 2, 0),
(1, 5, 4, 0);

--
-- Extraindo dados da tabela `login`
-- Senha incial do Usuário SARABANDO: sarabando

INSERT INTO `login` (`id_login`, `id_posto_graduacao`, `id_login_perfil`, `id_unidade`, `nm_login`, `nm_guerra`, `nm_senha`, `nm_completo`, `nm_email`, `st_ativo`) VALUES
(1, 8, 1, 1, 'SARABANDO', 'SARABANDO', 'f39c0d4e47055d52f77170f06adf56fc', 'MARCIO SARABANDO', '', 1);

--
-- Extraindo dados da tabela `login_carteira`
--

INSERT INTO `login_carteira` (`id_login`, `id_carteira`) VALUES
(1, 1);


--
-- Extraindo dados da tabela `modulo`
--

INSERT INTO `modulo` (`id_modulo`, `nm_modulo`, `ds_modulo`) VALUES
(1, 'SISPROT', 'SISTEMA DE PROTOCOLO ELETRÔNICO'),
(2, 'SAE', 'SISTEMA DE AGENDAMENTO ELETRÔNICO'),
(3, 'GED', 'GESTÃO ELETRÔNICA DE DOCUMENTOS'),
(4, 'ADT', 'ADITAMENTO AO BAR');

--
-- Extraindo dados da tabela `modulo_permissao`
--

INSERT INTO `modulo_permissao` (`id_modulo`, `id_login`) VALUES
(1, 1),
(1, 2),
(1, 3),
(1, 4);

--
-- Extraindo dados da tabela `parametro`
--

INSERT INTO `parametro` (`id_parametro`, `id_modulo`, `id_unidade`, `nm_parametro`, `vl_parametro`) VALUES
(1, 2, 1, 'cmb_inicio_exp_manha', '08:30'),
(2, 2, 2, 'cmb_inicio_exp_manha', '10:15'),
(3, 2, 3, 'cmb_inicio_exp_manha', '09:15'),
(4, 2, 4, 'cmb_inicio_exp_manha', '08:00'),
(5, 2, 5, 'cmb_inicio_exp_manha', '09:00'),
(6, 2, 6, 'cmb_inicio_exp_manha', '10:15'),
(7, 2, 7, 'cmb_inicio_exp_manha', '10:00'),
(8, 2, 8, 'cmb_inicio_exp_manha', '08:00'),
(9, 2, 9, 'cmb_inicio_exp_manha', '08:00'),
(10, 2, 10, 'cmb_inicio_exp_manha', '09:00'),
(11, 2, 11, 'cmb_inicio_exp_manha', '08:15'),
(12, 2, 12, 'cmb_inicio_exp_manha', '09:00'),
(13, 2, 13, 'cmb_inicio_exp_manha', '09:30'),
(14, 2, 14, 'cmb_inicio_exp_manha', '09:30'),
(15, 2, 15, 'cmb_inicio_exp_manha', '09:00'),
(16, 2, 16, 'cmb_inicio_exp_manha', '08:00'),
(17, 2, 17, 'cmb_inicio_exp_manha', '09:00'),
(18, 2, 18, 'cmb_inicio_exp_manha', '09:00'),
(19, 2, 19, 'cmb_inicio_exp_manha', '08:00'),
(20, 2, 20, 'cmb_inicio_exp_manha', '09:00'),
(21, 2, 21, 'cmb_inicio_exp_manha', '09:00'),
(22, 2, 22, 'cmb_inicio_exp_manha', '08:30'),
(23, 2, 23, 'cmb_inicio_exp_manha', '09:00'),
(24, 2, 24, 'cmb_inicio_exp_manha', '09:00'),
(25, 2, 25, 'cmb_inicio_exp_manha', '09:00'),
(26, 2, 26, 'cmb_inicio_exp_manha', '09:00'),
(27, 2, 27, 'cmb_inicio_exp_manha', '09:00'),
(28, 2, 28, 'cmb_inicio_exp_manha', '09:00'),
(29, 2, 29, 'cmb_inicio_exp_manha', '09:00'),
(30, 2, 30, 'cmb_inicio_exp_manha', '10:00'),
(31, 2, 31, 'cmb_inicio_exp_manha', '09:00'),
(32, 2, 32, 'cmb_inicio_exp_manha', '08:00'),
(33, 2, 33, 'cmb_inicio_exp_manha', '08:00'),
(34, 2, 34, 'cmb_inicio_exp_manha', '08:30'),
(35, 2, 35, 'cmb_inicio_exp_manha', '09:00'),
(36, 2, 36, 'cmb_inicio_exp_manha', '09:00'),
(37, 2, 37, 'cmb_inicio_exp_manha', '09:00'),
(38, 2, 38, 'cmb_inicio_exp_manha', '09:00'),
(39, 2, 39, 'cmb_inicio_exp_manha', '08:00'),
(40, 2, 40, 'cmb_inicio_exp_manha', '09:00'),
(41, 2, 41, 'cmb_inicio_exp_manha', '09:00'),
(42, 2, 42, 'cmb_inicio_exp_manha', '09:00'),
(43, 2, 43, 'cmb_inicio_exp_manha', '09:00'),
(44, 2, 44, 'cmb_inicio_exp_manha', '08:00'),
(45, 2, 45, 'cmb_inicio_exp_manha', '09:00'),
(46, 2, 46, 'cmb_inicio_exp_manha', '09:00'),
(47, 2, 47, 'cmb_inicio_exp_manha', '09:00'),
(48, 2, 48, 'cmb_inicio_exp_manha', '09:30'),
(49, 2, 49, 'cmb_inicio_exp_manha', '08:00'),
(50, 2, 1, 'cmb_fim_exp_manha', '11:00'),
(51, 2, 2, 'cmb_fim_exp_manha', '11:45'),
(52, 2, 3, 'cmb_fim_exp_manha', '11:30'),
(53, 2, 4, 'cmb_fim_exp_manha', '12:00'),
(54, 2, 5, 'cmb_fim_exp_manha', '11:00'),
(55, 2, 6, 'cmb_fim_exp_manha', '11:00'),
(56, 2, 7, 'cmb_fim_exp_manha', '11:30'),
(57, 2, 8, 'cmb_fim_exp_manha', '11:30'),
(58, 2, 9, 'cmb_fim_exp_manha', '11:30'),
(59, 2, 10, 'cmb_fim_exp_manha', '11:30'),
(60, 2, 11, 'cmb_fim_exp_manha', '11:45'),
(61, 2, 12, 'cmb_fim_exp_manha', '11:30'),
(62, 2, 13, 'cmb_fim_exp_manha', '11:30'),
(63, 2, 14, 'cmb_fim_exp_manha', '11:00'),
(64, 2, 15, 'cmb_fim_exp_manha', '11:30'),
(65, 2, 16, 'cmb_fim_exp_manha', '12:00'),
(66, 2, 17, 'cmb_fim_exp_manha', '11:30'),
(67, 2, 18, 'cmb_fim_exp_manha', '11:30'),
(68, 2, 19, 'cmb_fim_exp_manha', '12:00'),
(69, 2, 20, 'cmb_fim_exp_manha', '11:30'),
(70, 2, 21, 'cmb_fim_exp_manha', '11:30'),
(71, 2, 22, 'cmb_fim_exp_manha', '11:30'),
(72, 2, 23, 'cmb_fim_exp_manha', '11:30'),
(73, 2, 24, 'cmb_fim_exp_manha', '11:30'),
(74, 2, 25, 'cmb_fim_exp_manha', '11:30'),
(75, 2, 26, 'cmb_fim_exp_manha', '11:30'),
(76, 2, 27, 'cmb_fim_exp_manha', '11:30'),
(77, 2, 28, 'cmb_fim_exp_manha', '09:00'),
(78, 2, 29, 'cmb_fim_exp_manha', '11:00'),
(79, 2, 30, 'cmb_fim_exp_manha', '11:00'),
(80, 2, 31, 'cmb_fim_exp_manha', '11:30'),
(81, 2, 32, 'cmb_fim_exp_manha', '11:30'),
(82, 2, 33, 'cmb_fim_exp_manha', '10:00'),
(83, 2, 34, 'cmb_fim_exp_manha', '11:00'),
(84, 2, 35, 'cmb_fim_exp_manha', '11:30'),
(85, 2, 36, 'cmb_fim_exp_manha', '11:30'),
(86, 2, 37, 'cmb_fim_exp_manha', '12:00'),
(87, 2, 38, 'cmb_fim_exp_manha', '11:30'),
(88, 2, 39, 'cmb_fim_exp_manha', '12:00'),
(89, 2, 40, 'cmb_fim_exp_manha', '11:30'),
(90, 2, 41, 'cmb_fim_exp_manha', '11:30'),
(91, 2, 42, 'cmb_fim_exp_manha', '11:30'),
(92, 2, 43, 'cmb_fim_exp_manha', '11:30'),
(93, 2, 44, 'cmb_fim_exp_manha', '12:00'),
(94, 2, 45, 'cmb_fim_exp_manha', '11:30'),
(95, 2, 46, 'cmb_fim_exp_manha', '12:00'),
(96, 2, 47, 'cmb_fim_exp_manha', '11:30'),
(97, 2, 48, 'cmb_fim_exp_manha', '12:00'),
(98, 2, 49, 'cmb_fim_exp_manha', '12:00'),
(99, 2, 1, 'cmb_inicio_exp_tarde', '13:00'),
(100, 2, 2, 'cmb_inicio_exp_tarde', '13:45'),
(101, 2, 3, 'cmb_inicio_exp_tarde', '13:30'),
(102, 2, 4, 'cmb_inicio_exp_tarde', '13:30'),
(103, 2, 5, 'cmb_inicio_exp_tarde', '13:45'),
(104, 2, 6, 'cmb_inicio_exp_tarde', '14:00'),
(105, 2, 7, 'cmb_inicio_exp_tarde', '14:00'),
(106, 2, 8, 'cmb_inicio_exp_tarde', '13:30'),
(107, 2, 9, 'cmb_inicio_exp_tarde', '13:30'),
(108, 2, 10, 'cmb_inicio_exp_tarde', '13:00'),
(109, 2, 11, 'cmb_inicio_exp_tarde', '13:30'),
(110, 2, 12, 'cmb_inicio_exp_tarde', '14:30'),
(111, 2, 13, 'cmb_inicio_exp_tarde', '13:30'),
(112, 2, 14, 'cmb_inicio_exp_tarde', '13:00'),
(113, 2, 15, 'cmb_inicio_exp_tarde', '13:00'),
(114, 2, 16, 'cmb_inicio_exp_tarde', '13:00'),
(115, 2, 17, 'cmb_inicio_exp_tarde', '13:00'),
(116, 2, 18, 'cmb_inicio_exp_tarde', '13:00'),
(117, 2, 19, 'cmb_inicio_exp_tarde', '14:00'),
(118, 2, 20, 'cmb_inicio_exp_tarde', '13:00'),
(119, 2, 21, 'cmb_inicio_exp_tarde', '13:00'),
(120, 2, 22, 'cmb_inicio_exp_tarde', '13:30'),
(121, 2, 23, 'cmb_inicio_exp_tarde', '13:00'),
(122, 2, 24, 'cmb_inicio_exp_tarde', '14:00'),
(123, 2, 25, 'cmb_inicio_exp_tarde', '13:00'),
(124, 2, 26, 'cmb_inicio_exp_tarde', '13:00'),
(125, 2, 27, 'cmb_inicio_exp_tarde', '13:00'),
(126, 2, 28, 'cmb_inicio_exp_tarde', '13:00'),
(127, 2, 29, 'cmb_inicio_exp_tarde', '13:30'),
(128, 2, 30, 'cmb_inicio_exp_tarde', '14:00'),
(129, 2, 31, 'cmb_inicio_exp_tarde', '14:00'),
(130, 2, 32, 'cmb_inicio_exp_tarde', '13:30'),
(131, 2, 33, 'cmb_inicio_exp_tarde', '14:00'),
(132, 2, 34, 'cmb_inicio_exp_tarde', '13:00'),
(133, 2, 35, 'cmb_inicio_exp_tarde', '13:00'),
(134, 2, 36, 'cmb_inicio_exp_tarde', '13:00'),
(135, 2, 37, 'cmb_inicio_exp_tarde', '13:00'),
(136, 2, 38, 'cmb_inicio_exp_tarde', '13:00'),
(137, 2, 39, 'cmb_inicio_exp_tarde', '13:00'),
(138, 2, 40, 'cmb_inicio_exp_tarde', '13:00'),
(139, 2, 41, 'cmb_inicio_exp_tarde', '13:00'),
(140, 2, 42, 'cmb_inicio_exp_tarde', '13:00'),
(141, 2, 43, 'cmb_inicio_exp_tarde', '13:00'),
(142, 2, 44, 'cmb_inicio_exp_tarde', '13:30'),
(143, 2, 45, 'cmb_inicio_exp_tarde', '13:00'),
(144, 2, 46, 'cmb_inicio_exp_tarde', '13:00'),
(145, 2, 47, 'cmb_inicio_exp_tarde', '13:00'),
(146, 2, 48, 'cmb_inicio_exp_tarde', '14:00'),
(147, 2, 49, 'cmb_inicio_exp_tarde', '13:00'),
(148, 2, 1, 'cmb_fim_exp_tarde', '15:00'),
(149, 2, 2, 'cmb_fim_exp_tarde', '16:30'),
(150, 2, 3, 'cmb_fim_exp_tarde', '17:00'),
(151, 2, 4, 'cmb_fim_exp_tarde', '14:00'),
(152, 2, 5, 'cmb_fim_exp_tarde', '16:00'),
(153, 2, 6, 'cmb_fim_exp_tarde', '16:00'),
(154, 2, 7, 'cmb_fim_exp_tarde', '16:30'),
(155, 2, 8, 'cmb_fim_exp_tarde', '16:00'),
(156, 2, 9, 'cmb_fim_exp_tarde', '16:00'),
(157, 2, 10, 'cmb_fim_exp_tarde', '15:00'),
(158, 2, 11, 'cmb_fim_exp_tarde', '16:00'),
(159, 2, 12, 'cmb_fim_exp_tarde', '16:00'),
(160, 2, 13, 'cmb_fim_exp_tarde', '15:30'),
(161, 2, 14, 'cmb_fim_exp_tarde', '15:00'),
(162, 2, 15, 'cmb_fim_exp_tarde', '15:00'),
(163, 2, 16, 'cmb_fim_exp_tarde', '15:00'),
(164, 2, 17, 'cmb_fim_exp_tarde', '15:00'),
(165, 2, 18, 'cmb_fim_exp_tarde', '15:00'),
(166, 2, 19, 'cmb_fim_exp_tarde', '16:00'),
(167, 2, 20, 'cmb_fim_exp_tarde', '15:00'),
(168, 2, 21, 'cmb_fim_exp_tarde', '15:00'),
(169, 2, 22, 'cmb_fim_exp_tarde', '16:00'),
(170, 2, 23, 'cmb_fim_exp_tarde', '15:00'),
(171, 2, 24, 'cmb_fim_exp_tarde', '15:30'),
(172, 2, 25, 'cmb_fim_exp_tarde', '15:00'),
(173, 2, 26, 'cmb_fim_exp_tarde', '15:00'),
(174, 2, 27, 'cmb_fim_exp_tarde', '16:00'),
(175, 2, 28, 'cmb_fim_exp_tarde', '15:00'),
(176, 2, 29, 'cmb_fim_exp_tarde', '15:30'),
(177, 2, 30, 'cmb_fim_exp_tarde', '16:00'),
(178, 2, 31, 'cmb_fim_exp_tarde', '15:30'),
(179, 2, 32, 'cmb_fim_exp_tarde', '16:00'),
(180, 2, 33, 'cmb_fim_exp_tarde', '15:30'),
(181, 2, 34, 'cmb_fim_exp_tarde', '15:00'),
(182, 2, 35, 'cmb_fim_exp_tarde', '15:00'),
(183, 2, 36, 'cmb_fim_exp_tarde', '15:00'),
(184, 2, 37, 'cmb_fim_exp_tarde', '15:00'),
(185, 2, 38, 'cmb_fim_exp_tarde', '15:00'),
(186, 2, 39, 'cmb_fim_exp_tarde', '15:00'),
(187, 2, 40, 'cmb_fim_exp_tarde', '15:00'),
(188, 2, 41, 'cmb_fim_exp_tarde', '15:00'),
(189, 2, 42, 'cmb_fim_exp_tarde', '15:00'),
(190, 2, 43, 'cmb_fim_exp_tarde', '15:00'),
(191, 2, 44, 'cmb_fim_exp_tarde', '14:00'),
(192, 2, 45, 'cmb_fim_exp_tarde', '15:00'),
(193, 2, 46, 'cmb_fim_exp_tarde', '15:00'),
(194, 2, 47, 'cmb_fim_exp_tarde', '15:00'),
(195, 2, 48, 'cmb_fim_exp_tarde', '16:00'),
(196, 2, 49, 'cmb_fim_exp_tarde', '17:00'),
(197, 2, 1, 'cmb_duracao_atendimento', '5'),
(198, 2, 2, 'cmb_duracao_atendimento', '15'),
(199, 2, 3, 'cmb_duracao_atendimento', '15'),
(200, 2, 4, 'cmb_duracao_atendimento', '15'),
(201, 2, 5, 'cmb_duracao_atendimento', '15'),
(202, 2, 6, 'cmb_duracao_atendimento', '15'),
(203, 2, 7, 'cmb_duracao_atendimento', '30'),
(204, 2, 8, 'cmb_duracao_atendimento', '20'),
(205, 2, 9, 'cmb_duracao_atendimento', '20'),
(206, 2, 10, 'cmb_duracao_atendimento', '15'),
(207, 2, 11, 'cmb_duracao_atendimento', '5'),
(208, 2, 12, 'cmb_duracao_atendimento', '15'),
(209, 2, 13, 'cmb_duracao_atendimento', '15'),
(210, 2, 14, 'cmb_duracao_atendimento', '15'),
(211, 2, 15, 'cmb_duracao_atendimento', '15'),
(212, 2, 16, 'cmb_duracao_atendimento', '30'),
(213, 2, 17, 'cmb_duracao_atendimento', '15'),
(214, 2, 18, 'cmb_duracao_atendimento', '15'),
(215, 2, 19, 'cmb_duracao_atendimento', '20'),
(216, 2, 20, 'cmb_duracao_atendimento', '15'),
(217, 2, 21, 'cmb_duracao_atendimento', '15'),
(218, 2, 22, 'cmb_duracao_atendimento', '30'),
(219, 2, 23, 'cmb_duracao_atendimento', '15'),
(220, 2, 24, 'cmb_duracao_atendimento', '15'),
(221, 2, 25, 'cmb_duracao_atendimento', '15'),
(222, 2, 26, 'cmb_duracao_atendimento', '30'),
(223, 2, 27, 'cmb_duracao_atendimento', '20'),
(224, 2, 28, 'cmb_duracao_atendimento', '30'),
(225, 2, 29, 'cmb_duracao_atendimento', '20'),
(226, 2, 30, 'cmb_duracao_atendimento', '15'),
(227, 2, 31, 'cmb_duracao_atendimento', '30'),
(228, 2, 32, 'cmb_duracao_atendimento', '15'),
(229, 2, 33, 'cmb_duracao_atendimento', '10'),
(230, 2, 34, 'cmb_duracao_atendimento', '30'),
(231, 2, 35, 'cmb_duracao_atendimento', '15'),
(232, 2, 36, 'cmb_duracao_atendimento', '15'),
(233, 2, 37, 'cmb_duracao_atendimento', '20'),
(234, 2, 38, 'cmb_duracao_atendimento', '30'),
(235, 2, 39, 'cmb_duracao_atendimento', '30'),
(236, 2, 40, 'cmb_duracao_atendimento', '30'),
(237, 2, 41, 'cmb_duracao_atendimento', '15'),
(238, 2, 42, 'cmb_duracao_atendimento', '15'),
(239, 2, 43, 'cmb_duracao_atendimento', '15'),
(240, 2, 44, 'cmb_duracao_atendimento', '30'),
(241, 2, 45, 'cmb_duracao_atendimento', '15'),
(242, 2, 46, 'cmb_duracao_atendimento', '30'),
(243, 2, 47, 'cmb_duracao_atendimento', '15'),
(244, 2, 48, 'cmb_duracao_atendimento', '10'),
(245, 2, 49, 'cmb_duracao_atendimento', '10'),
(246, 2, 1, 'cmb_qtd_atendente', '3'),
(247, 2, 2, 'cmb_qtd_atendente', '2'),
(248, 2, 3, 'cmb_qtd_atendente', '1'),
(249, 2, 4, 'cmb_qtd_atendente', '1'),
(250, 2, 5, 'cmb_qtd_atendente', '1'),
(251, 2, 6, 'cmb_qtd_atendente', '1'),
(252, 2, 7, 'cmb_qtd_atendente', '1'),
(253, 2, 8, 'cmb_qtd_atendente', '2'),
(254, 2, 9, 'cmb_qtd_atendente', '1'),
(255, 2, 10, 'cmb_qtd_atendente', '1'),
(256, 2, 11, 'cmb_qtd_atendente', '1'),
(257, 2, 12, 'cmb_qtd_atendente', '1'),
(258, 2, 13, 'cmb_qtd_atendente', '1'),
(259, 2, 14, 'cmb_qtd_atendente', '1'),
(260, 2, 15, 'cmb_qtd_atendente', '1'),
(261, 2, 16, 'cmb_qtd_atendente', '1'),
(262, 2, 17, 'cmb_qtd_atendente', '1'),
(263, 2, 18, 'cmb_qtd_atendente', '1'),
(264, 2, 19, 'cmb_qtd_atendente', '1'),
(265, 2, 20, 'cmb_qtd_atendente', '1'),
(266, 2, 21, 'cmb_qtd_atendente', '1'),
(267, 2, 22, 'cmb_qtd_atendente', '1'),
(268, 2, 23, 'cmb_qtd_atendente', '1'),
(269, 2, 24, 'cmb_qtd_atendente', '1'),
(270, 2, 25, 'cmb_qtd_atendente', '1'),
(271, 2, 26, 'cmb_qtd_atendente', '1'),
(272, 2, 27, 'cmb_qtd_atendente', '1'),
(273, 2, 28, 'cmb_qtd_atendente', '1'),
(274, 2, 29, 'cmb_qtd_atendente', '1'),
(275, 2, 30, 'cmb_qtd_atendente', '1'),
(276, 2, 31, 'cmb_qtd_atendente', '1'),
(277, 2, 32, 'cmb_qtd_atendente', '1'),
(278, 2, 33, 'cmb_qtd_atendente', '1'),
(279, 2, 34, 'cmb_qtd_atendente', '1'),
(280, 2, 35, 'cmb_qtd_atendente', '1'),
(281, 2, 36, 'cmb_qtd_atendente', '1'),
(282, 2, 37, 'cmb_qtd_atendente', '1'),
(283, 2, 38, 'cmb_qtd_atendente', '1'),
(284, 2, 39, 'cmb_qtd_atendente', '1'),
(285, 2, 40, 'cmb_qtd_atendente', '1'),
(286, 2, 41, 'cmb_qtd_atendente', '1'),
(287, 2, 42, 'cmb_qtd_atendente', '1'),
(288, 2, 43, 'cmb_qtd_atendente', '1'),
(289, 2, 44, 'cmb_qtd_atendente', '2'),
(290, 2, 45, 'cmb_qtd_atendente', '1'),
(291, 2, 46, 'cmb_qtd_atendente', '1'),
(292, 2, 47, 'cmb_qtd_atendente', '1'),
(293, 2, 48, 'cmb_qtd_atendente', '1'),
(294, 2, 49, 'cmb_qtd_atendente', '1'),
(295, 2, 1, 'qt_max_agendamento_data', '1'),
(296, 2, 2, 'qt_max_agendamento_data', '3'),
(297, 2, 3, 'qt_max_agendamento_data', '1'),
(298, 2, 4, 'qt_max_agendamento_data', '1'),
(299, 2, 5, 'qt_max_agendamento_data', '1'),
(300, 2, 6, 'qt_max_agendamento_data', '1'),
(301, 2, 7, 'qt_max_agendamento_data', '1'),
(302, 2, 8, 'qt_max_agendamento_data', '1'),
(303, 2, 9, 'qt_max_agendamento_data', '1'),
(304, 2, 10, 'qt_max_agendamento_data', '3'),
(305, 2, 11, 'qt_max_agendamento_data', '1'),
(306, 2, 12, 'qt_max_agendamento_data', '3'),
(307, 2, 13, 'qt_max_agendamento_data', '3'),
(308, 2, 14, 'qt_max_agendamento_data', '1'),
(309, 2, 15, 'qt_max_agendamento_data', '3'),
(310, 2, 16, 'qt_max_agendamento_data', '3'),
(311, 2, 17, 'qt_max_agendamento_data', '3'),
(312, 2, 18, 'qt_max_agendamento_data', '3'),
(313, 2, 19, 'qt_max_agendamento_data', '3'),
(314, 2, 20, 'qt_max_agendamento_data', '3'),
(315, 2, 21, 'qt_max_agendamento_data', '3'),
(316, 2, 22, 'qt_max_agendamento_data', '1'),
(317, 2, 23, 'qt_max_agendamento_data', '3'),
(318, 2, 24, 'qt_max_agendamento_data', '3'),
(319, 2, 25, 'qt_max_agendamento_data', '3'),
(320, 2, 26, 'qt_max_agendamento_data', '3'),
(321, 2, 27, 'qt_max_agendamento_data', '3'),
(322, 2, 28, 'qt_max_agendamento_data', '3'),
(323, 2, 29, 'qt_max_agendamento_data', '3'),
(324, 2, 30, 'qt_max_agendamento_data', '1'),
(325, 2, 31, 'qt_max_agendamento_data', '3'),
(326, 2, 32, 'qt_max_agendamento_data', '3'),
(327, 2, 33, 'qt_max_agendamento_data', '3'),
(328, 2, 34, 'qt_max_agendamento_data', '3'),
(329, 2, 35, 'qt_max_agendamento_data', '3'),
(330, 2, 36, 'qt_max_agendamento_data', '3'),
(331, 2, 37, 'qt_max_agendamento_data', '3'),
(332, 2, 38, 'qt_max_agendamento_data', '3'),
(333, 2, 39, 'qt_max_agendamento_data', '3'),
(334, 2, 40, 'qt_max_agendamento_data', '3'),
(335, 2, 41, 'qt_max_agendamento_data', '3'),
(336, 2, 42, 'qt_max_agendamento_data', '3'),
(337, 2, 43, 'qt_max_agendamento_data', '3'),
(338, 2, 44, 'qt_max_agendamento_data', '3'),
(339, 2, 45, 'qt_max_agendamento_data', '3'),
(340, 2, 46, 'qt_max_agendamento_data', '3'),
(341, 2, 47, 'qt_max_agendamento_data', '3'),
(342, 2, 48, 'qt_max_agendamento_data', '1'),
(343, 2, 49, 'qt_max_agendamento_data', '1'),
(344, 2, 1, 'cmb_qtd_max_protocolo_horario', '2'),
(345, 2, 2, 'cmb_qtd_max_protocolo_horario', '1'),
(346, 2, 3, 'cmb_qtd_max_protocolo_horario', '2'),
(347, 2, 4, 'cmb_qtd_max_protocolo_horario', '3'),
(348, 2, 5, 'cmb_qtd_max_protocolo_horario', '3'),
(349, 2, 6, 'cmb_qtd_max_protocolo_horario', '1'),
(350, 2, 7, 'cmb_qtd_max_protocolo_horario', '3'),
(351, 2, 8, 'cmb_qtd_max_protocolo_horario', '5'),
(352, 2, 9, 'cmb_qtd_max_protocolo_horario', '5'),
(353, 2, 10, 'cmb_qtd_max_protocolo_horario', '1'),
(354, 2, 11, 'cmb_qtd_max_protocolo_horario', '2'),
(355, 2, 12, 'cmb_qtd_max_protocolo_horario', '1'),
(356, 2, 13, 'cmb_qtd_max_protocolo_horario', '1'),
(357, 2, 14, 'cmb_qtd_max_protocolo_horario', '2'),
(358, 2, 15, 'cmb_qtd_max_protocolo_horario', '1'),
(359, 2, 16, 'cmb_qtd_max_protocolo_horario', '1'),
(360, 2, 17, 'cmb_qtd_max_protocolo_horario', '1'),
(361, 2, 18, 'cmb_qtd_max_protocolo_horario', '1'),
(362, 2, 19, 'cmb_qtd_max_protocolo_horario', '1'),
(363, 2, 20, 'cmb_qtd_max_protocolo_horario', '1'),
(364, 2, 21, 'cmb_qtd_max_protocolo_horario', '1'),
(365, 2, 22, 'cmb_qtd_max_protocolo_horario', '6'),
(366, 2, 23, 'cmb_qtd_max_protocolo_horario', '1'),
(367, 2, 24, 'cmb_qtd_max_protocolo_horario', '1'),
(368, 2, 25, 'cmb_qtd_max_protocolo_horario', '1'),
(369, 2, 26, 'cmb_qtd_max_protocolo_horario', '1'),
(370, 2, 27, 'cmb_qtd_max_protocolo_horario', '1'),
(371, 2, 28, 'cmb_qtd_max_protocolo_horario', '1'),
(372, 2, 29, 'cmb_qtd_max_protocolo_horario', '1'),
(373, 2, 30, 'cmb_qtd_max_protocolo_horario', '3'),
(374, 2, 31, 'cmb_qtd_max_protocolo_horario', '1'),
(375, 2, 32, 'cmb_qtd_max_protocolo_horario', '1'),
(376, 2, 33, 'cmb_qtd_max_protocolo_horario', '1'),
(377, 2, 34, 'cmb_qtd_max_protocolo_horario', '1'),
(378, 2, 35, 'cmb_qtd_max_protocolo_horario', '1'),
(379, 2, 36, 'cmb_qtd_max_protocolo_horario', '1'),
(380, 2, 37, 'cmb_qtd_max_protocolo_horario', '1'),
(381, 2, 38, 'cmb_qtd_max_protocolo_horario', '1'),
(382, 2, 39, 'cmb_qtd_max_protocolo_horario', '1'),
(383, 2, 40, 'cmb_qtd_max_protocolo_horario', '1'),
(384, 2, 41, 'cmb_qtd_max_protocolo_horario', '1'),
(385, 2, 42, 'cmb_qtd_max_protocolo_horario', '1'),
(386, 2, 43, 'cmb_qtd_max_protocolo_horario', '1'),
(387, 2, 44, 'cmb_qtd_max_protocolo_horario', '1'),
(388, 2, 45, 'cmb_qtd_max_protocolo_horario', '1'),
(389, 2, 46, 'cmb_qtd_max_protocolo_horario', '1'),
(390, 2, 47, 'cmb_qtd_max_protocolo_horario', '1'),
(391, 2, 48, 'cmb_qtd_max_protocolo_horario', '3'),
(392, 2, 49, 'cmb_qtd_max_protocolo_horario', '5'),
(393, 4, 1, 'st_unidade_gera_adt', '1'),
(394, 2, 1, 'time_out_agendamento', '600'),
(395, 2, 1, 'st_vincula_cfp_horario', '0');

--
-- Extraindo dados da tabela `posto_graduacao`
--

INSERT INTO `posto_graduacao` (`id_posto_graduacao`, `nm_posto_graduacao`) VALUES
(1, 'Gen Ex'),
(2, 'Gen Div'),
(3, 'Gen Bda'),
(4, 'Cel'),
(5, 'Tc'),
(6, 'Maj'),
(7, 'Cap'),
(8, 'Ten'),
(9, 'Asp'),
(10, 'St'),
(11, 'Sgt'),
(12, 'Cb'),
(13, 'Sd'),
(14, 'Sc');

--
-- Extraindo dados da tabela `processo_status`
--

INSERT INTO `processo_status` (`id_processo_status`, `nm_processo_status`, `ds_processo_status`) VALUES
(1, 'PROTOCOLADO', 'PROCESSO PROTOCOLADO, AGUARDANDO DISTRIBUIÇÃO.'),
(2, 'EM ANÁLISE', 'PROCESSO EM FASE DE ANÁLISE.'),
(3, 'PENDENTE', 'PROCESSO APRESENTA PENDÊNCIA E AGUARDA SOLUÇÃO POR PARTE DO ADMINISTRADO CONFORME NOTA INFORMATIVA.'),
(4, 'VISTORIA SOLICITADA', 'PROCESSO AGUARDANDO PARECER DA CARTEIRA DE VISTORIA.'),
(5, 'REANÁLISE', 'PROCESSO EM FASE DE REANÁLISE.'),
(6, 'DEFERIDO', 'PROCESSO DEFERIDO E ENCAMINHADO PARA REGISTRO, CADASTRO E IMPRESSÃO DO(S) DOCUMENTO(S).'),
(7, 'INDEFERIDO', 'PROCESSO INDEFERIDO DE ACORDO COM MOTIVO EXPOSTO EM NOTA INFORMATIVA.'),
(8, 'PRONTO', 'PROCESSO PRONTO, AGUARDANDO RETIRADA PELO REQUERENTE/PROCURADOR.'),
(9, 'ENCAMINHADO', 'PROCESSO ENCAMINHADO PARA DESTINATÁRIO CONFORME NOTA INFORMATIVA.'),
(10, 'ENTREGUE', 'PROCESSO ENTREGUE AO SOLICITANTE.'),
(11, 'ARQUIVADO', 'PROCESSO ENVIADO PARA O ARQUIVO'),
(12, 'REMETIDO À DFPC', 'PROCESSO REMETIDO PARA A DFPC.'),
(13, 'DEFERIDO PARCIALMENTE', 'PROCESSO DEFERIDO PARCIALMENTE CONFORME NOTA INFORMATIVA. EM FASE DE FINALIZAÇÃO'),
(14, 'DISTRIBUÍDO', 'PROCESSO DISTRIBUÍDO PARA ANÁLISE.'),
(15, 'CORREÇÃO DE DADOS', 'SOLICITAÇÃO DE CORREÇÃO PROTOCOLADA, AGUARDANDO DISTRIBUIÇÃO E POSTERIOR REANÁLISE.'),
(16, 'CUMPRIMENTO DE PENDÊNCIA PROTOCOLADO', 'CUMPRIMENTO DE PENDÊNCIA PROTOCOLADO, AGUARDANDO DISTRIBUIÇÃO E POSTERIOR REANÁLISE.');

--
-- Extraindo dados da tabela `unidade`
--

INSERT INTO `unidade` (`id_unidade`, `id_cidade`, `nr_unidade`, `nm_unidade`, `ds_endereco_unidade`, `email_unidade`, `cd_fone_unidade`) VALUES
(1, 813, '00', 'SFPC/2.00 - 2ª REGIÃO MILITAR', 'Av. Sargento Mario Kozel Filho, 222', 'agendamento.sfpc@2rm.eb.mil.br', '(11) 3888-5200'),
(2, 328, '01', 'SFPC/2.01 - CMDO 1ª BDA AAAÉ / 2º GAAAe/ 2º BIL', 'Praia do Manduba, s/n - Fortes dos Andradas', 'sfpc.01@2rm.eb.mil.br', '(13) 3354-2888 / 3354-2889 / 2916 / 2817 / 2569'),
(3, 647, '02', 'SFPC/2.02 - 13º RC MEC', 'Av. Newton Prado Prado, 2251', 'sfpc.02@2rm.eb.mil.br', '(19) 3561-3777 / 3561-5333'),
(4, 152, '03', 'SFPC/2.03 - CMDO 12ª BDA INF L', 'Rua José Bonifácio, 33 - Jd Rafael', 'sfpc.03@2rm.eb.mil.br', '(12) 3653-2692'),
(5, 631, '04', 'SFPC/2.04 - 2º BECMB', 'Praça Padre João de Faria Fialho, 46 - Centro', 'sfpc.04@2rm.eb.mil.br', '(12) 3648-3114'),
(6, 467, '05', 'SFPC/2.05 - 5º BIL', 'Av. Marechal Argolo, 19 - Santa Edwirges', 'sfpc.05@2rm.eb.mil.br', '(12) 3157-7021 / 3153-2215'),
(7, 406, '06', 'SFPC/2.06 - 2º GAC L', 'Praça Duque de Caxias, 284 - Centro', 'sfpc.06@2rm.eb.mil.br', '(11) 4022-1184 / 4022-2967'),
(8, 441, '07', 'SFPC/2.07 - 12º GAC', 'Rodovia Anhanguera, Km 53 - Vila Rami', 'sfpc.07@2rm.eb.mil.br', '(11) 4587-2355'),
(9, 172, '08', 'SFPC/2.08 - CMDO 11ª BDA INF L', 'Av. Soldado Passarinho s/n - Jardim Chapadão', 'sfpc.08@2rm.eb.mil.br', '(19) 3241-6755 / 3241-8363'),
(10, 694, '09', 'SFPC/2.09 - 13ª DEL SV MIL/4ª CSM', 'Praça dos Expedicionários, 25 - Centro', 'sfpc.09@2rm.eb.mil.br', '(13) 3821-6023'),
(11, 705, '10', 'SFPC/2.10 - 5ª CSM', 'Rua Duque de Caxias, 1255 - Centro', 'sfpc.10@2rm.eb.mil.br', '(11) 3625-5991 / 3636-0629'),
(12, 431, '11', 'SFPC/2.11 - 22ª DEL SV MIL/14ª CSM', 'Rua Major Prado, 780 - Centro', 'sfpc.11@2rm.eb.mil.br', '(14) 3622-3177'),
(13, 388, '12', 'SFPC/2.12 - 16ª DEL SV MIL/14ªCSM', 'Rua Luiz Carriel, 105 - Vl Ophélia', 'sfpc.12@2rm.eb.mil.br', '(15) 3522-0379'),
(14, 59, '13', 'SFPC/2.13 - 4ª DEL SV MIL/5ª CSM', 'Av. São Paulo, 502 - Centro', 'sfpc.13@2rm.eb.mil.br', '(16) 3322-0110 / 3333-4936'),
(15, 788, '14', 'SFPC/2.14 - 5ª DEL SV MIL/5ª CSM', 'Rua Treze de Maio, 2171 - Centro', 'sfpc.14@2rm.eb.mil.br', '(16) 3372-1293'),
(16, 463, '15', 'SFPC/2.15 - 20ª DEL SV MIL/14ª CSM', 'Rua Barão de Cascalho, 227 - Centro', 'sfpc.15@2rm.eb.mil.br', '(15) 3441-6678'),
(17, 198, '16', 'SFPC/2.16 - 7ª DEL SV MIL/5ª CSM', 'Rua Recife, 880  - Centro', 'sfpc.16@2rm.eb.mil.br', '(17) 3522-5272'),
(18, 411, '17', 'SFPC/2.17 - 8ª DEL SV MIL/5ª CSM', 'Rua 24 de Maio, 263 - Centro', 'sfpc.17@2rm.eb.mil.br', '(16) 3202-2373'),
(19, 386, '18', 'SFPC/2.18 - 15ª DEL SV MIL/14ª CSM', 'Rua Benjamin Constant, 332 - Centro', 'sfpc.18@2rm.eb.mil.br', '(15) 3271-1179'),
(20, 101, '19', 'SFPC/2.19 - 10ª DEL SV MIL/5ª CSM', 'Av. 19, 1065 - Centro', 'sfpc.19@2rm.eb.mil.br', '(17) 3324-3433'),
(21, 290, '20', 'SFPC/2.20 - 11ª DEL SV MIL/5ª CSM', 'Rua Frederico Moura, 1516 - Cidade Nova', 'sfpc.20@2rm.eb.mil.br', '(16) 3723-9333'),
(22, 581, '21', 'SFPC/2.21 - 14ª DEL SV MIL/6ª CSM', 'Rua Silva Jardim, 829 - Vila Moraes', 'sfpc.21@2rm.eb.mil.br', '(14) 3324-5500'),
(23, 804, '22', 'SFPC/2.22 - 13ª DEL SV MIL/5ª CSM', 'Rua Bait Chelala, 1225 - Vila Militar', 'sfpc.22@2rm.eb.mil.br', '(17) 3215-1044'),
(24, 80, '23', 'SFPC/2.23 - 13ª DEL SV MIL/14ª CSM', 'Rua Sergipe, nº 1379, Centro', 'sfpc.23@2rm.eb.mil.br', '(14) 3733-7014'),
(25, 512, '24', 'SFPC/2.24 - 15ª DEL SV MIL/5ª CSM', 'Rua Prudente de Moraes, 2354 - Centro', 'sfpc.24@2rm.eb.mil.br', '(17) 3242-2760'),
(26, 639, '25', 'SFPC/2.25 - 10ª DEL SV MIL/14ª CSM', 'Rua Prudente de Moraes, 926 - Centro', 'sfpc.25@2rm.eb.mil.br', '(19) 3402-1653 / 3422-6394'),
(27, 136, '26', 'SFPC/2.26 - 12ª DEL SV MIL/14ª CSM', 'Rua General Júlio Marcondes Salgado, 106 - Centro', 'sfpc.26@2rm.eb.mil.br', '(14) 3882-0212'),
(28, 108, '27', 'SFPC/2.27 - 1ª DEL SV MIL/6ª CSM', 'Rua Monsenhor Claro, 6-40 - Centro', 'sfpc.27@2rm.eb.mil.br', '(14) 3234-4447'),
(29, 517, '28', 'SFPC/2.28 - 5ª DEL SV MIL/14ª CSM', 'Rua Dr. Ulhoa Cintra, 777 - Centro', 'sfpc.28@2rm.eb.mil.br', '(19) 3862-4757'),
(30, 465, '29', 'SFPC/2.29 - 37º BIL', 'Rua Major Matos Guedes, 675 - Bairro Ribeiro', 'sfpc.29@2rm.eb.mil.br', '(14) 3522-5741'),
(31, 139, '30', 'SFPC/2.30 - 3ª DEL SV MIL/14ª CSM', 'Rua Cel Daniel Peluso, 47 - Centro', 'sfpc.30@2rm.eb.mil.br', '(11) 4035-2670'),
(32, 54, '31', 'SFPC/2.31 - 5ª DEL SV MIL/6ª CSM', 'Rua Professora Chiquita Fernandes, 1221', 'sfpc.31@2rm.eb.mil.br', '(18) 3623-3072'),
(33, 841, '32', 'SFPC/2.32 - 1ª DEL SV MIL/14ª CSM', 'Rua Coronel José Tavares, 131 - Vila Hortência', 'sfpc.32@2rm.eb.mil.br', '(15) 3231-1102'),
(34, 39, '33', 'SFPC/2.33 - 7ª DEL SV MIL/6ª CSM', 'Rua Bandeirantes, 665', 'sfpc.33@2rm.eb.mil.br', '(18) 3722-1465'),
(35, 934, '34', 'SFPC/2.34 - 18ª DEL SV MIL/5ª CSM', 'Rua Minas Gerais, 3612 - Centro', 'sfpc.34@2rm.eb.mil.br', '(17) 3421-7530'),
(36, 282, '35', 'SFPC/2.35 - 19ª DEL SV MIL/5ª CSM', 'R. Progresso nº 413 - Jd. Paulista', 'sfpc.35@2rm.eb.mil.br', '(17) 3442-2317'),
(37, 494, '36', 'SFPC/2.36 - 10ª DEL SV MIL/6ª CSM', 'Rua XV de Novembro, 650 - Centro', 'sfpc.36@2rm.eb.mil.br', '(14) 3433-1363 / 3454-7328'),
(38, 893, '37', 'SFPC/2.37 - 11ª DEL SV MIL/6ª CSM', 'Rua Bororos, 913 - Centro', 'sfpc.37@2rm.eb.mil.br', '(14) 3496-1183'),
(39, 711, '38', 'SFPC/2.38 - 7ª DEL SV MIL/14ª CSM', 'Rua 10, 70 - Estádio', 'sfpc.38@2rm.eb.mil.br', '(19) 3524-3515 '),
(40, 1, '39', 'SFPC/2.39 - 13ª DEL SV MIL/6ª CSM', 'Rua General Izidoro, 190 ', 'sfpc.39@2rm.eb.mil.br', '(18) 3522-1070'),
(41, 677, '40', 'SFPC/2.40 - 20ª DEL SV MIL/6ªCSM', 'Rua Praça da Bandeira, s/n - Centro', 'sfpc.40@2rm.eb.mil.br', '(18) 3221-5588'),
(42, 249, '41', 'SFPC/2.41 - 15ª DEL SV MIL/6ª CSM', 'Av. Presidente Roosevelt, 1789', 'sfpc.41@2rm.eb.mil.br', '(18) 3821-6728'),
(43, 678, '42', 'SFPC/2.42 - 21ª DEL SV MIL/6ª CSM', 'Av. D. Pedro II, 289 - Centro', 'sfpc.42@2rm.eb.mil.br', '(18) 3271-1384 / 3271-1530'),
(44, 73, '43', 'SFPC/2.43 - 17ª DEL SV MIL/6ª CSM', 'Rua José Nogueira Marmontel, 1113 - Boa Vista', 'sfpc.43@2rm.eb.mil.br', '(18) 3324-4510'),
(45, 420, '44', 'SFPC/2.44 - 20ª DEL SV MIL/5ª CSM', 'Av. Francisco Jalles, 2771 - Centro', 'sfpc.44@2rm.eb.mil.br', '(17) 3632-7322'),
(46, 465, '45', 'SFPC/2.45 - 3ª DEL/6ª CSM', 'Rua Olavo Bilac, 640, Centro cep: 16400-901', 'sfpc.45@2rm.eb.mil.br', '(14)3533-7014 / (14) 3533-7000'),
(47, 623, '46', 'SFPC/2.46 – 22ª DEL SV MIL/6ªCSM', 'Rua Dr. Ramalho Franco, 340 Sala 02, Centro - Cep: 16300-000', 'sfpc.46@2rm.eb.mil.br', '(18)3652-0966'),
(48, 108, '47', 'SFPC/2.47 - 6ª CSM', 'Rua Bandeirantes, 3-55, Bauru, São Paulo', 'sfpc.47@2rm.eb.mil.br', '(14) 3223-8344'),
(49, 841, '48', 'SFPC/2.48 - 14ª CSM', 'Avenida Roberto Simonsen, nº 150', 'sfpc.48@2rm.eb.mil.br', '(15) 3232-7066'),
(50, 664, '49', 'SFPC/2.49 - 12ª  DEL SV MIL/5ª CSM', 'Rua João Salgueiro, 200 - Centro cep: 13660-000 - Porto Ferreira/SP', '12delsmportoferreira@gmail.com', '(19)3585-6777');

/*!40101 SET CHARACTER_SET_CLIENT=@OLD_CHARACTER_SET_CLIENT */;
/*!40101 SET CHARACTER_SET_RESULTS=@OLD_CHARACTER_SET_RESULTS */;
/*!40101 SET COLLATION_CONNECTION=@OLD_COLLATION_CONNECTION */;
